Workbook

Sheet RubricTutor
D1: Bachelor's degree in Techniques for Software Application Development
D2: =CONCATENATE(Language!C13, D7) -> Trabajo final - Semestre 2025-1
A4: =Language!C5 -> Nombre del/de la estudiante:
A5: =Language!C6 -> Título del trabajo:
A6: =Language!C7 -> Programa: | D6: Bachelor's degree in Techniques for Software Application Development
A7: =Language!C8 -> Semestre: | D7: 2025-1
A8: =Language!C9 -> Tutor/a:
A9: =Language!C10 -> Evaluador/a 1:
A10: =Language!C11 -> Evaluador/a 2:
A11: =Language!C12 -> Evaluador/a 3:
A13: A | C13: B | E13: C+ | G13: C- | K13: D
A14: 10 | B14: 9 | C14: 8 | D14: 7 | E14: 6 | F14: 5 | G14: 4 | I14: 3 | K14: 2 | M14: 1 | O14: 0
A16: =Language!C14 -> Evaluación del tutor/a | G16: =Language!C20 -> PEC1: Propuesta inicial y planificación | I16: =Language!C21 -> PEC2: Desarrollo del proyecto | K16: =Language!C22 -> PEC3: Desarrollo del proyecto | M16: =Language!C23 -> PEC 4: Entrega final | Q16: =Language!C24 -> Notas finales de la evaluación del tutor/a
A17: =Language!C29 -> Actitud del/de la estudiante | G17: =Language!C25 -> Peso | H17: Nota | I17: =Language!C25 -> Peso | J17: Nota | K17: =Language!C25 -> Peso | L17: Nota | M17: =Language!C25 -> Peso | N17: Nota | O17: =Language!C25 -> Peso | P17: Nota | Q17: Final | S17: =Language!C75 -> % peso nota final
A18: =Language!C30 -> Grado de autonomía, creatividad, iniciativa, receptividad a la crítica, y buena comunicación con el tutor/a | G18: 1 | H18: N | I18: 1 | J18: N | K18: 1 | L18: N | M18: 1 | N18: N | O18: 1 | P18: N | Q18: =IF(ISNUMBER(U18),IF(U18>=9,"A",IF(U18>=7,"B",IF(U18>=5,"C+",IF(U18>=3,"C-","D")))),"N") -> D | S18: =G18/SUM(G$18:G$35)*G$36+I18/SUM(I$18:I$35)*I$36+K18/SUM(K$18:K$35)*K$36+M18/SUM(M$18:M$35)*M$36+O18/SUM(O$18:O$35)*O$36 -> 0.075778388 | T18: =S18 -> 0.075778388 | U18: =IF(EQ(SUM(G18*$G$36,I18*$I$36,K18*$K$36,M18*$M$36,O18*$O$36),0),"N",(IF(G18*$G$36>0,IF(ISNUMBER(H18),H18,0),0) + IF(I18*$I$36>0,IF(ISNUMBER(J18),J18,0),0) + IF(K18*$K$36>0,IF(ISNUMBER(L18),L18,0),0) + IF(M18*$M$36>0,IF(ISNUMBER(N18),N18,0),0) + IF(O18*$O$36>0,IF(ISNUMBER(P18),P18,0),0))/SUM(IF(G18*$G$36>0,1,0),IF(I18*$I$36>0,1,0),IF(K18*$K$36>0,1,0),IF(M18*$M$36>0,1,0),IF(O18*$O$36>0,1,0))) -> 0
A19: =Language!C31 -> Aspectos metodológicos
A20: =Language!C32 -> Definición de unos objetivos claros, concretos, realistas y adecuados | G20: 2 | H20: N | I20: 0 | J20: N | K20: 0 | L20: N | M20: 0 | N20: N | O20: 1 | P20: N | Q20: =IF(ISNUMBER(U20),IF(U20>=9,"A",IF(U20>=7,"B",IF(U20>=5,"C+",IF(U20>=3,"C-","D")))),"N") -> D | S20: =G20/SUM(G$18:G$35)*G$36+I20/SUM(I$18:I$35)*I$36+K20/SUM(K$18:K$35)*K$36+M20/SUM(M$18:M$35)*M$36+O20/SUM(O$18:O$35)*O$36 -> 0.035714286 | T20: =SUM(S20:S21) -> 0.071428571 | U20: =IF(EQ(SUM(G20*$G$36,I20*$I$36,K20*$K$36,M20*$M$36,O20*$O$36),0),"N",(IF(G20*$G$36>0,IF(ISNUMBER(H20),H20,0),0) + IF(I20*$I$36>0,IF(ISNUMBER(J20),J20,0),0) + IF(K20*$K$36>0,IF(ISNUMBER(L20),L20,0),0) + IF(M20*$M$36>0,IF(ISNUMBER(N20),N20,0),0) + IF(O20*$O$36>0,IF(ISNUMBER(P20),P20,0),0))/SUM(IF(G20*$G$36>0,1,0),IF(I20*$I$36>0,1,0),IF(K20*$K$36>0,1,0),IF(M20*$M$36>0,1,0),IF(O20*$O$36>0,1,0))) -> 0
A21: =Language!C33 -> Definición de la metodología, planificación temporal y de recursos | G21: 2 | H21: N | I21: 0 | J21: N | K21: 0 | L21: N | M21: 0 | N21: N | O21: 1 | P21: N | Q21: =IF(ISNUMBER(U21),IF(U21>=9,"A",IF(U21>=7,"B",IF(U21>=5,"C+",IF(U21>=3,"C-","D")))),"N") -> D | S21: =G21/SUM(G$18:G$35)*G$36+I21/SUM(I$18:I$35)*I$36+K21/SUM(K$18:K$35)*K$36+M21/SUM(M$18:M$35)*M$36+O21/SUM(O$18:O$35)*O$36 -> 0.035714286 | U21: =IF(EQ(SUM(G21*$G$36,I21*$I$36,K21*$K$36,M21*$M$36,O21*$O$36),0),"N",(IF(G21*$G$36>0,IF(ISNUMBER(H21),H21,0),0) + IF(I21*$I$36>0,IF(ISNUMBER(J21),J21,0),0) + IF(K21*$K$36>0,IF(ISNUMBER(L21),L21,0),0) + IF(M21*$M$36>0,IF(ISNUMBER(N21),N21,0),0) + IF(O21*$O$36>0,IF(ISNUMBER(P21),P21,0),0))/SUM(IF(G21*$G$36>0,1,0),IF(I21*$I$36>0,1,0),IF(K21*$K$36>0,1,0),IF(M21*$M$36>0,1,0),IF(O21*$O$36>0,1,0))) -> 0
A22: =Language!C34 -> Especificación y diseño
A23: =Language!C35 -> Estudio previo e identificación de los aspectos relevantes del problema y de su solución (e.g. estado del arte, estudio de mercado) | G23: 1 | H23: N | I23: 2 | J23: N | K23: 0 | L23: N | M23: 0 | N23: N | O23: 1 | P23: N | Q23: =IF(ISNUMBER(U23),IF(U23>=9,"A",IF(U23>=7,"B",IF(U23>=5,"C+",IF(U23>=3,"C-","D")))),"N") -> D | S23: =G23/SUM(G$18:G$35)*G$36+I23/SUM(I$18:I$35)*I$36+K23/SUM(K$18:K$35)*K$36+M23/SUM(M$18:M$35)*M$36+O23/SUM(O$18:O$35)*O$36 -> 0.056318681 | T23: =SUM(S23:S27) -> 0.33722527 | U23: =IF(EQ(SUM(G23*$G$36,I23*$I$36,K23*$K$36,M23*$M$36,O23*$O$36),0),"N",(IF(G23*$G$36>0,IF(ISNUMBER(H23),H23,0),0) + IF(I23*$I$36>0,IF(ISNUMBER(J23),J23,0),0) + IF(K23*$K$36>0,IF(ISNUMBER(L23),L23,0),0) + IF(M23*$M$36>0,IF(ISNUMBER(N23),N23,0),0) + IF(O23*$O$36>0,IF(ISNUMBER(P23),P23,0),0))/SUM(IF(G23*$G$36>0,1,0),IF(I23*$I$36>0,1,0),IF(K23*$K$36>0,1,0),IF(M23*$M$36>0,1,0),IF(O23*$O$36>0,1,0))) -> 0
A24: =Language!C36 -> Análisis de requerimientos | G24: 2 | H24: N | I24: 0 | J24: N | K24: 0 | L24: N | M24: 0 | N24: N | O24: 1 | P24: N | Q24: =IF(ISNUMBER(U24),IF(U24>=9,"A",IF(U24>=7,"B",IF(U24>=5,"C+",IF(U24>=3,"C-","D")))),"N") -> D | S24: =G24/SUM(G$18:G$35)*G$36+I24/SUM(I$18:I$35)*I$36+K24/SUM(K$18:K$35)*K$36+M24/SUM(M$18:M$35)*M$36+O24/SUM(O$18:O$35)*O$36 -> 0.035714286 | U24: =IF(EQ(SUM(G24*$G$36,I24*$I$36,K24*$K$36,M24*$M$36,O24*$O$36),0),"N",(IF(G24*$G$36>0,IF(ISNUMBER(H24),H24,0),0) + IF(I24*$I$36>0,IF(ISNUMBER(J24),J24,0),0) + IF(K24*$K$36>0,IF(ISNUMBER(L24),L24,0),0) + IF(M24*$M$36>0,IF(ISNUMBER(N24),N24,0),0) + IF(O24*$O$36>0,IF(ISNUMBER(P24),P24,0),0))/SUM(IF(G24*$G$36>0,1,0),IF(I24*$I$36>0,1,0),IF(K24*$K$36>0,1,0),IF(M24*$M$36>0,1,0),IF(O24*$O$36>0,1,0))) -> 0
A25: =Language!C37 -> Diseño adecuado de la propuesta | G25: 1 | H25: N | I25: 2 | J25: N | K25: 2 | L25: N | M25: 2 | N25: N | O25: 1 | P25: N | Q25: =IF(ISNUMBER(U25),IF(U25>=9,"A",IF(U25>=7,"B",IF(U25>=5,"C+",IF(U25>=3,"C-","D")))),"N") -> D | S25: =G25/SUM(G$18:G$35)*G$36+I25/SUM(I$18:I$35)*I$36+K25/SUM(K$18:K$35)*K$36+M25/SUM(M$18:M$35)*M$36+O25/SUM(O$18:O$35)*O$36 -> 0.13369963 | U25: =IF(EQ(SUM(G25*$G$36,I25*$I$36,K25*$K$36,M25*$M$36,O25*$O$36),0),"N",(IF(G25*$G$36>0,IF(ISNUMBER(H25),H25,0),0) + IF(I25*$I$36>0,IF(ISNUMBER(J25),J25,0),0) + IF(K25*$K$36>0,IF(ISNUMBER(L25),L25,0),0) + IF(M25*$M$36>0,IF(ISNUMBER(N25),N25,0),0) + IF(O25*$O$36>0,IF(ISNUMBER(P25),P25,0),0))/SUM(IF(G25*$G$36>0,1,0),IF(I25*$I$36>0,1,0),IF(K25*$K$36>0,1,0),IF(M25*$M$36>0,1,0),IF(O25*$O$36>0,1,0))) -> 0
A26: =Language!C38 -> Elección de herramientas, tecnologías y fuentes de información adecuadas para el desarrollo del trabajo | G26: 1 | H26: N | I26: 1 | J26: N | K26: 1 | L26: N | M26: 1 | N26: N | O26: 1 | P26: N | Q26: =IF(ISNUMBER(U26),IF(U26>=9,"A",IF(U26>=7,"B",IF(U26>=5,"C+",IF(U26>=3,"C-","D")))),"N") -> D | S26: =G26/SUM(G$18:G$35)*G$36+I26/SUM(I$18:I$35)*I$36+K26/SUM(K$18:K$35)*K$36+M26/SUM(M$18:M$35)*M$36+O26/SUM(O$18:O$35)*O$36 -> 0.075778388 | U26: =IF(EQ(SUM(G26*$G$36,I26*$I$36,K26*$K$36,M26*$M$36,O26*$O$36),0),"N",(IF(G26*$G$36>0,IF(ISNUMBER(H26),H26,0),0) + IF(I26*$I$36>0,IF(ISNUMBER(J26),J26,0),0) + IF(K26*$K$36>0,IF(ISNUMBER(L26),L26,0),0) + IF(M26*$M$36>0,IF(ISNUMBER(N26),N26,0),0) + IF(O26*$O$36>0,IF(ISNUMBER(P26),P26,0),0))/SUM(IF(G26*$G$36>0,1,0),IF(I26*$I$36>0,1,0),IF(K26*$K$36>0,1,0),IF(M26*$M$36>0,1,0),IF(O26*$O$36>0,1,0))) -> 0
A27: =Language!C39 -> Grado de análisis y tratamiento del impacto ético-social, de sostenibilidad y de diversidad del trabajo | G27: 1 | H27: N | I27: 0 | J27: N | K27: 0 | L27: N | M27: 1 | N27: N | O27: 1 | P27: N | Q27: =IF(ISNUMBER(U27),IF(U27>=9,"A",IF(U27>=7,"B",IF(U27>=5,"C+",IF(U27>=3,"C-","D")))),"N") -> D | S27: =G27/SUM(G$18:G$35)*G$36+I27/SUM(I$18:I$35)*I$36+K27/SUM(K$18:K$35)*K$36+M27/SUM(M$18:M$35)*M$36+O27/SUM(O$18:O$35)*O$36 -> 0.035714286 | U27: =IF(EQ(SUM(G27*$G$36,I27*$I$36,K27*$K$36,M27*$M$36,O27*$O$36),0),"N",(IF(G27*$G$36>0,IF(ISNUMBER(H27),H27,0),0) + IF(I27*$I$36>0,IF(ISNUMBER(J27),J27,0),0) + IF(K27*$K$36>0,IF(ISNUMBER(L27),L27,0),0) + IF(M27*$M$36>0,IF(ISNUMBER(N27),N27,0),0) + IF(O27*$O$36>0,IF(ISNUMBER(P27),P27,0),0))/SUM(IF(G27*$G$36>0,1,0),IF(I27*$I$36>0,1,0),IF(K27*$K$36>0,1,0),IF(M27*$M$36>0,1,0),IF(O27*$O$36>0,1,0))) -> 0
A28: =Language!C40 -> Ejecución e implementación del proyecto
A29: =Language!C41 -> Seguimiento de la planificación y capacidad de adaptación | G29: 0 | H29: N | I29: 1 | J29: N | K29: 1 | L29: N | M29: 1 | N29: N | O29: 1 | P29: N | Q29: =IF(ISNUMBER(U29),IF(U29>=9,"A",IF(U29>=7,"B",IF(U29>=5,"C+",IF(U29>=3,"C-","D")))),"N") -> D | S29: =G29/SUM(G$18:G$35)*G$36+I29/SUM(I$18:I$35)*I$36+K29/SUM(K$18:K$35)*K$36+M29/SUM(M$18:M$35)*M$36+O29/SUM(O$18:O$35)*O$36 -> 0.057921245 | T29: =SUM(S29:S32) -> 0.2882326 | U29: =IF(EQ(SUM(G29*$G$36,I29*$I$36,K29*$K$36,M29*$M$36,O29*$O$36),0),"N",(IF(G29*$G$36>0,IF(ISNUMBER(H29),H29,0),0) + IF(I29*$I$36>0,IF(ISNUMBER(J29),J29,0),0) + IF(K29*$K$36>0,IF(ISNUMBER(L29),L29,0),0) + IF(M29*$M$36>0,IF(ISNUMBER(N29),N29,0),0) + IF(O29*$O$36>0,IF(ISNUMBER(P29),P29,0),0))/SUM(IF(G29*$G$36>0,1,0),IF(I29*$I$36>0,1,0),IF(K29*$K$36>0,1,0),IF(M29*$M$36>0,1,0),IF(O29*$O$36>0,1,0))) -> 0
A30: =Language!C42 -> Calidad de la contribución técnica y/o científica del proyecto. Calidad de la solución/producto en desarrollo/obtenido | G30: 0 | H30: N | I30: 2 | J30: N | K30: 2 | L30: N | M30: 2 | N30: N | O30: 1 | P30: N | Q30: =IF(ISNUMBER(U30),IF(U30>=9,"A",IF(U30>=7,"B",IF(U30>=5,"C+",IF(U30>=3,"C-","D")))),"N") -> D | S30: =G30/SUM(G$18:G$35)*G$36+I30/SUM(I$18:I$35)*I$36+K30/SUM(K$18:K$35)*K$36+M30/SUM(M$18:M$35)*M$36+O30/SUM(O$18:O$35)*O$36 -> 0.11584249 | U30: =IF(EQ(SUM(G30*$G$36,I30*$I$36,K30*$K$36,M30*$M$36,O30*$O$36),0),"N",(IF(G30*$G$36>0,IF(ISNUMBER(H30),H30,0),0) + IF(I30*$I$36>0,IF(ISNUMBER(J30),J30,0),0) + IF(K30*$K$36>0,IF(ISNUMBER(L30),L30,0),0) + IF(M30*$M$36>0,IF(ISNUMBER(N30),N30,0),0) + IF(O30*$O$36>0,IF(ISNUMBER(P30),P30,0),0))/SUM(IF(G30*$G$36>0,1,0),IF(I30*$I$36>0,1,0),IF(K30*$K$36>0,1,0),IF(M30*$M$36>0,1,0),IF(O30*$O$36>0,1,0))) -> 0
A31: =Language!C43 -> Grado de innovación de la solución presentada | G31: 0 | H31: N | I31: 1 | J31: N | K31: 1 | L31: N | M31: 1 | N31: N | O31: 1 | P31: N | Q31: =IF(ISNUMBER(U31),IF(U31>=9,"A",IF(U31>=7,"B",IF(U31>=5,"C+",IF(U31>=3,"C-","D")))),"N") -> D | S31: =G31/SUM(G$18:G$35)*G$36+I31/SUM(I$18:I$35)*I$36+K31/SUM(K$18:K$35)*K$36+M31/SUM(M$18:M$35)*M$36+O31/SUM(O$18:O$35)*O$36 -> 0.057921245 | U31: =IF(EQ(SUM(G31*$G$36,I31*$I$36,K31*$K$36,M31*$M$36,O31*$O$36),0),"N",(IF(G31*$G$36>0,IF(ISNUMBER(H31),H31,0),0) + IF(I31*$I$36>0,IF(ISNUMBER(J31),J31,0),0) + IF(K31*$K$36>0,IF(ISNUMBER(L31),L31,0),0) + IF(M31*$M$36>0,IF(ISNUMBER(#REF!),#REF!,0),0) + IF(O31*$O$36>0,IF(ISNUMBER(P31),P31,0),0))/SUM(IF(G31*$G$36>0,1,0),IF(I31*$I$36>0,1,0),IF(K31*$K$36>0,1,0),IF(M31*$M$36>0,1,0),IF(O31*$O$36>0,1,0))) -> 0
A32: =Language!C44 -> Conclusiones y discusión de los resultados | G32: 0 | H32: N | I32: 0 | J32: N | K32: 1 | L32: N | M32: 2 | N32: N | O32: 1 | P32: N | Q32: =IF(ISNUMBER(U32),IF(U32>=9,"A",IF(U32>=7,"B",IF(U32>=5,"C+",IF(U32>=3,"C-","D")))),"N") -> D | S32: =G32/SUM(G$18:G$35)*G$36+I32/SUM(I$18:I$35)*I$36+K32/SUM(K$18:K$35)*K$36+M32/SUM(M$18:M$35)*M$36+O32/SUM(O$18:O$35)*O$36 -> 0.056547619 | U32: =IF(EQ(SUM(G32*$G$36,I32*$I$36,K32*$K$36,M32*$M$36,O32*$O$36),0),"N",(IF(G32*$G$36>0,IF(ISNUMBER(H32),H32,0),0) + IF(I32*$I$36>0,IF(ISNUMBER(J32),J32,0),0) + IF(K32*$K$36>0,IF(ISNUMBER(L32),L32,0),0) + IF(M32*$M$36>0,IF(ISNUMBER(N31),N31,0),0) + IF(O32*$O$36>0,IF(ISNUMBER(P32),P32,0),0))/SUM(IF(G32*$G$36>0,1,0),IF(I32*$I$36>0,1,0),IF(K32*$K$36>0,1,0),IF(M32*$M$36>0,1,0),IF(O32*$O$36>0,1,0))) -> 0
A33: =Language!C45 -> Aspectos formales de la memoria
A34: =Language!C46 -> Redacción adecuada, utilización flexible de un lenguaje inclusivo, y organización clara y correcta del contenido | G34: 2 | H34: N | I34: 2 | J34: N | K34: 2 | L34: N | M34: 2 | N34: N | O34: 1 | P34: N | Q34: =IF(ISNUMBER(U34),IF(U34>=9,"A",IF(U34>=7,"B",IF(U34>=5,"C+",IF(U34>=3,"C-","D")))),"N") -> D | S34: =G34/SUM(G$18:G$35)*G$36+I34/SUM(I$18:I$35)*I$36+K34/SUM(K$18:K$35)*K$36+M34/SUM(M$18:M$35)*M$36+O34/SUM(O$18:O$35)*O$36 -> 0.15155678 | T34: =SUM(S34:S35) -> 0.22733516 | U34: =IF(EQ(SUM(G34*$G$36,I34*$I$36,K34*$K$36,M34*$M$36,O34*$O$36),0),"N",(IF(G34*$G$36>0,IF(ISNUMBER(H34),H34,0),0) + IF(I34*$I$36>0,IF(ISNUMBER(J34),J34,0),0) + IF(K34*$K$36>0,IF(ISNUMBER(L34),L34,0),0) + IF(M34*$M$36>0,IF(ISNUMBER(N34),N34,0),0) + IF(O34*$O$36>0,IF(ISNUMBER(P34),P34,0),0))/SUM(IF(G34*$G$36>0,1,0),IF(I34*$I$36>0,1,0),IF(K34*$K$36>0,1,0),IF(M34*$M$36>0,1,0),IF(O34*$O$36>0,1,0))) -> 0
A35: =Language!C47 -> Fuentes de información y referencias bibliográficas | G35: 1 | H35: N | I35: 1 | J35: N | K35: 1 | L35: N | M35: 1 | N35: N | O35: 1 | P35: N | Q35: =IF(ISNUMBER(U35),IF(U35>=9,"A",IF(U35>=7,"B",IF(U35>=5,"C+",IF(U35>=3,"C-","D")))),"N") -> D | S35: =G35/SUM(G$18:G$35)*G$36+I35/SUM(I$18:I$35)*I$36+K35/SUM(K$18:K$35)*K$36+M35/SUM(M$18:M$35)*M$36+O35/SUM(O$18:O$35)*O$36 -> 0.075778388 | U35: =IF(EQ(SUM(G35*$G$36,I35*$I$36,K35*$K$36,M35*$M$36,O35*$O$36),0),"N",(IF(G35*$G$36>0,IF(ISNUMBER(H35),H35,0),0) + IF(I35*$I$36>0,IF(ISNUMBER(J35),J35,0),0) + IF(K35*$K$36>0,IF(ISNUMBER(L35),L35,0),0) + IF(M35*$M$36>0,IF(ISNUMBER(N35),N35,0),0) + IF(O35*$O$36>0,IF(ISNUMBER(P35),P35,0),0))/SUM(IF(G35*$G$36>0,1,0),IF(I35*$I$36>0,1,0),IF(K35*$K$36>0,1,0),IF(M35*$M$36>0,1,0),IF(O35*$O$36>0,1,0))) -> 0
A36: =Language!C51 -> % PEC en nota final del tutor | G36: 0.25 | I36: 0.25 | K36: 0.25 | M36: 0.25 | O36: 0 | Q36: =G36+I36+K36+M36+O36 -> 1 | S36: =SUM(S18:S35) -> 1
A37: =Language!C27 -> Final | G37: =ROUND(SUMPRODUCT(G18:G35,H18:H35)/SUM(G18:G35),1) -> 0 | I37: =ROUND(SUMPRODUCT(I18:I35,J18:J35)/SUM(I18:I35),1) -> 0 | K37: =ROUND(SUMPRODUCT(K18:K35,L18:L35)/SUM(K18:K35),1) -> 0 | M37: =ROUND(SUMPRODUCT(M18:M35,N18:N35)/SUM(M18:M35),1) -> 0 | O37: =ROUND(SUMPRODUCT(O18:O35,P18:P35)/SUM(O18:O35),1) -> 0 | Q37: =ROUND(IF(ISNUMBER(G37),G37,0)*G36+IF(ISNUMBER(I37),I37,0)*I36+IF(ISNUMBER(K37),K37,0)*K36+IF(ISNUMBER(M37),M37,0)*M36+IF(ISNUMBER(O37),O37,0)*O36,1) -> 0
G38: =IF(G37>=9,"A",IF(G37>=7,"B",IF(G37>=5,"C+",IF(G37>=3,"C-","D")))) -> D | I38: =IF(I37>=9,"A",IF(I37>=7,"B",IF(I37>=5,"C+",IF(I37>=3,"C-","D")))) -> D | K38: =IF(K37>=9,"A",IF(K37>=7,"B",IF(K37>=5,"C+",IF(K37>=3,"C-","D")))) -> D | M38: =IF(M37>=9,"A",IF(M37>=7,"B",IF(M37>=5,"C+",IF(M37>=3,"C-","D")))) -> D | O38: =IF(O37>=9,"A",IF(O37>=7,"B",IF(O37>=5,"C+",IF(O37>=3,"C-","D")))) -> D | Q38: =IF(Q37>=9,"A",IF(Q37>=7,"B",IF(Q37>=5,"C+",IF(Q37>=3,"C-","D")))) -> D
A40: =Language!C54 -> PEC1. Observaciones y recomendaciones:
A42: =Language!C55 -> PEC2. Observaciones y recomendaciones:
A44: =Language!C56 -> PEC3. Observaciones y recomendaciones:
A46: =Language!C57 -> PEC4. Observaciones y recomendaciones:
A48: =Language!C58 -> PEC5. Observaciones y recomendaciones:

Sheet RubricExaminer1
D1: =RubricTutor!D1 -> Bachelor's degree in Techniques for Software Application Development
D2: =RubricTutor!D2 -> Trabajo final - Semestre 2025-1
A4: =Language!C5 -> Nombre del/de la estudiante: | D4: =RubricTutor!D4
A5: =Language!C6 -> Título del trabajo: | D5: =RubricTutor!D5
A6: =Language!C7 -> Programa: | D6: =RubricTutor!D6 -> Bachelor's degree in Techniques for Software Application Development
A7: =Language!C9 -> Tutor/a: | D7: =RubricTutor!D8
A8: =Language!C8 -> Semestre: | D8: =RubricTutor!D7 -> 2025-1
A9: =Language!C10 -> Evaluador/a 1: | D9: =RubricTutor!D9
A11: A | C11: B | E11: C+ | G11: C- | I11: D
A12: 10 | B12: 9 | C12: 8 | D12: 7 | E12: 6 | F12: 5 | G12: 4 | H12: 3 | I12: 2 | J12: 1 | K12: 0
A14: =Language!C60 -> Evaluación del Evaluador/a 1 | G14: =Language!C63 -> Entrega final y defensa
A15: =Language!C31 -> Aspectos metodológicos
A16: =Language!C32 -> Definición de unos objetivos claros, concretos, realistas y adecuados | G16: N
A17: =Language!C33 -> Definición de la metodología, planificación temporal y de recursos | G17: N
A18: =Language!C34 -> Especificación y diseño
A19: =Language!C35 -> Estudio previo e identificación de los aspectos relevantes del problema y de su solución (e.g. estado del arte, estudio de mercado) | G19: N
A20: =Language!C36 -> Análisis de requerimientos | G20: N
A21: =Language!C37 -> Diseño adecuado de la propuesta | G21: N
A22: =Language!C38 -> Elección de herramientas, tecnologías y fuentes de información adecuadas para el desarrollo del trabajo | G22: N
A23: =Language!C39 -> Grado de análisis y tratamiento del impacto ético-social, de sostenibilidad y de diversidad del trabajo | G23: N
A24: =Language!C40 -> Ejecución e implementación del proyecto
A25: =Language!C42 -> Calidad de la contribución técnica y/o científica del proyecto. Calidad de la solución/producto en desarrollo/obtenido | G25: N
A26: =Language!C43 -> Grado de innovación de la solución presentada | G26: N
A27: =Language!C44 -> Conclusiones y discusión de los resultados | G27: N
A28: =Language!C45 -> Aspectos formales de la memoria
A29: =Language!C46 -> Redacción adecuada, utilización flexible de un lenguaje inclusivo, y organización clara y correcta del contenido | G29: N
A30: =Language!C47 -> Fuentes de información y referencias bibliográficas | G30: N
A31: =Language!C48 -> Defensa del proyecto
A32: =Language!C49 -> Calidad de la presentación oral y de los recursos visuales | G32: N
A33: =Language!C50 -> Respuesta clara y fundamentada a las preguntas de la comisión | G33: N
A34: =Language!C27 -> Final | G34: =ROUND(SUMPRODUCT(G16:G33,DefenseSummary!B9:B26)/SUM(DefenseSummary!B9:B26),1) -> 0
G35: =IF(G34>=9,"A",IF(G34>=7,"B",IF(G34>=5,"C+",IF(G34>=3,"C-","D")))) -> D
A37: =Language!C64 -> Marca esta casilla si crees que este trabajo merece ser considerado para matrícula de honor | G37: FALSE
A39: =Language!C59 -> Observaciones y recomendaciones:

Sheet RubricExaminer2
D1: =RubricTutor!D1 -> Bachelor's degree in Techniques for Software Application Development
D2: =RubricTutor!D2 -> Trabajo final - Semestre 2025-1
A4: =Language!C5 -> Nombre del/de la estudiante: | D4: =RubricTutor!D4
A5: =Language!C6 -> Título del trabajo: | D5: =RubricTutor!D5
A6: =Language!C7 -> Programa: | D6: =RubricTutor!D6 -> Bachelor's degree in Techniques for Software Application Development
A7: =Language!C9 -> Tutor/a: | D7: =RubricTutor!D8
A8: =Language!C8 -> Semestre: | D8: =RubricTutor!D7 -> 2025-1
A9: =Language!C11 -> Evaluador/a 2: | D9: =RubricTutor!D10
A11: A | C11: B | E11: C+ | G11: C- | I11: D
A12: 10 | B12: 9 | C12: 8 | D12: 7 | E12: 6 | F12: 5 | G12: 4 | H12: 3 | I12: 2 | J12: 1 | K12: 0
A14: =Language!C61 -> Evaluación del Evaluador/a 2 | G14: =Language!C63 -> Entrega final y defensa
A15: =Language!C31 -> Aspectos metodológicos
A16: =Language!C32 -> Definición de unos objetivos claros, concretos, realistas y adecuados | G16: N
A17: =Language!C33 -> Definición de la metodología, planificación temporal y de recursos | G17: N
A18: =Language!C34 -> Especificación y diseño
A19: =Language!C35 -> Estudio previo e identificación de los aspectos relevantes del problema y de su solución (e.g. estado del arte, estudio de mercado) | G19: N
A20: =Language!C36 -> Análisis de requerimientos | G20: N
A21: =Language!C37 -> Diseño adecuado de la propuesta | G21: N
A22: =Language!C38 -> Elección de herramientas, tecnologías y fuentes de información adecuadas para el desarrollo del trabajo | G22: N
A23: =Language!C39 -> Grado de análisis y tratamiento del impacto ético-social, de sostenibilidad y de diversidad del trabajo | G23: N
A24: =Language!C40 -> Ejecución e implementación del proyecto
A25: =Language!C42 -> Calidad de la contribución técnica y/o científica del proyecto. Calidad de la solución/producto en desarrollo/obtenido | G25: N
A26: =Language!C43 -> Grado de innovación de la solución presentada | G26: N
A27: =Language!C44 -> Conclusiones y discusión de los resultados | G27: N
A28: =Language!C45 -> Aspectos formales de la memoria
A29: =Language!C46 -> Redacción adecuada, utilización flexible de un lenguaje inclusivo, y organización clara y correcta del contenido | G29: N
A30: =Language!C47 -> Fuentes de información y referencias bibliográficas | G30: N
A31: =Language!C48 -> Defensa del proyecto
A32: =Language!C49 -> Calidad de la presentación oral y de los recursos visuales | G32: N
A33: =Language!C50 -> Respuesta clara y fundamentada a las preguntas de la comisión | G33: N
A34: =Language!C27 -> Final | G34: =ROUND(SUMPRODUCT(G16:G33,DefenseSummary!B9:B26)/SUM(DefenseSummary!B9:B26),1) -> 0
G35: =IF(G34>=9,"A",IF(G34>=7,"B",IF(G34>=5,"C+",IF(G34>=3,"C-","D")))) -> D
A37: =Language!C64 -> Marca esta casilla si crees que este trabajo merece ser considerado para matrícula de honor | G37: FALSE
A39: =Language!C59 -> Observaciones y recomendaciones:

Sheet RubricExaminer3
D1: =RubricTutor!D1 -> Bachelor's degree in Techniques for Software Application Development
D2: =RubricTutor!D2 -> Trabajo final - Semestre 2025-1
A4: =Language!C5 -> Nombre del/de la estudiante: | D4: =RubricTutor!D4
A5: =Language!C6 -> Título del trabajo: | D5: =RubricTutor!D5
A6: =Language!C7 -> Programa: | D6: =RubricTutor!D6 -> Bachelor's degree in Techniques for Software Application Development
A7: =Language!C9 -> Tutor/a: | D7: =RubricTutor!D8
A8: =Language!C8 -> Semestre: | D8: =RubricTutor!D7 -> 2025-1
A9: =Language!C12 -> Evaluador/a 3: | D9: =RubricTutor!D11
A11: A | C11: B | E11: C+ | G11: C- | I11: D
A12: 10 | B12: 9 | C12: 8 | D12: 7 | E12: 6 | F12: 5 | G12: 4 | H12: 3 | I12: 2 | J12: 1 | K12: 0
A14: =Language!C62 -> Evaluación del Evaluador/a 3 | G14: =Language!C63 -> Entrega final y defensa
A15: =Language!C31 -> Aspectos metodológicos
A16: =Language!C32 -> Definición de unos objetivos claros, concretos, realistas y adecuados | G16: N
A17: =Language!C33 -> Definición de la metodología, planificación temporal y de recursos | G17: N
A18: =Language!C34 -> Especificación y diseño
A19: =Language!C35 -> Estudio previo e identificación de los aspectos relevantes del problema y de su solución (e.g. estado del arte, estudio de mercado) | G19: N
A20: =Language!C36 -> Análisis de requerimientos | G20: N
A21: =Language!C37 -> Diseño adecuado de la propuesta | G21: N
A22: =Language!C38 -> Elección de herramientas, tecnologías y fuentes de información adecuadas para el desarrollo del trabajo | G22: N
A23: =Language!C39 -> Grado de análisis y tratamiento del impacto ético-social, de sostenibilidad y de diversidad del trabajo | G23: N
A24: =Language!C40 -> Ejecución e implementación del proyecto
A25: =Language!C42 -> Calidad de la contribución técnica y/o científica del proyecto. Calidad de la solución/producto en desarrollo/obtenido | G25: N
A26: =Language!C43 -> Grado de innovación de la solución presentada | G26: N
A27: =Language!C44 -> Conclusiones y discusión de los resultados | G27: N
A28: =Language!C45 -> Aspectos formales de la memoria
A29: =Language!C46 -> Redacción adecuada, utilización flexible de un lenguaje inclusivo, y organización clara y correcta del contenido | G29: N
A30: =Language!C47 -> Fuentes de información y referencias bibliográficas | G30: N
A31: =Language!C48 -> Defensa del proyecto
A32: =Language!C49 -> Calidad de la presentación oral y de los recursos visuales | G32: N
A33: =Language!C50 -> Respuesta clara y fundamentada a las preguntas de la comisión | G33: N
A34: =Language!C27 -> Final | G34: =ROUND(SUMPRODUCT(G16:G33,DefenseSummary!B9:B26)/SUM(DefenseSummary!B9:B26),1) -> 0
G35: =IF(G34>=9,"A",IF(G34>=7,"B",IF(G34>=5,"C+",IF(G34>=3,"C-","D")))) -> D
A37: =Language!C64 -> Marca esta casilla si crees que este trabajo merece ser considerado para matrícula de honor | G37: FALSE
A39: =Language!C59 -> Observaciones y recomendaciones:

Sheet DefenseSummary
A1: =Language!C5 -> Nombre del/de la estudiante: | B1: =RubricTutor!D4
A2: =Language!C6 -> Título del trabajo: | B2: =RubricTutor!D5
A3: =Language!C9 -> Tutor/a: | B3: =RubricTutor!D8
C5: =Language!C10 -> Evaluador/a 1: | D5: =Language!C11 -> Evaluador/a 2: | E5: =Language!C12 -> Evaluador/a 3:
A6: =Language!C66 -> Nombre evaluadores/as: | C6: =RubricTutor!D9 | D6: =RubricTutor!D10 | E6: =RubricTutor!D11
A7: =Language!C67 -> Participación evaluador/a (0: no participa; 1: participa) | C7: 1 | D7: 1 | E7: 1
A8: =Language!C31 -> Aspectos metodológicos | B8: =Language!C25 -> Peso | C8: =Language!C26 -> Nota | D8: =Language!C26 -> Nota | E8: =Language!C26 -> Nota | F8: =Language!C28 -> Nota media
A9: =Language!C32 -> Definición de unos objetivos claros, concretos, realistas y adecuados | B9: 1 | C9: =RubricExaminer1!G16 -> N | D9: =RubricExaminer2!G16 -> N | E9: =RubricExaminer3!G16 -> N | F9: =ROUND(SUMPRODUCT(C$7:E$7,C9:E9)/SUM(C$7:E$7),1) -> 0 | G9: =IF(ISNUMBER(F9),IF(F9>=9,"A",IF(F9>=7,"B",IF(F9>=5,"C+",IF(F9>=3,"C-","D")))),"N") -> D
A10: =Language!C33 -> Definición de la metodología, planificación temporal y de recursos | B10: 1 | C10: =RubricExaminer1!G17 -> N | D10: =RubricExaminer2!G17 -> N | E10: =RubricExaminer3!G17 -> N | F10: =ROUND(SUMPRODUCT(C$7:E$7,C10:E10)/SUM(C$7:E$7),1) -> 0 | G10: =IF(ISNUMBER(F10),IF(F10>=9,"A",IF(F10>=7,"B",IF(F10>=5,"C+",IF(F10>=3,"C-","D")))),"N") -> D
A11: =Language!C34 -> Especificación y diseño
A12: =Language!C35 -> Estudio previo e identificación de los aspectos relevantes del problema y de su solución (e.g. estado del arte, estudio de mercado) | B12: 1 | C12: =RubricExaminer1!G19 -> N | D12: =RubricExaminer2!G19 -> N | E12: =RubricExaminer3!G19 -> N | F12: =ROUND(SUMPRODUCT(C$7:E$7,C12:E12)/SUM(C$7:E$7),1) -> 0 | G12: =IF(ISNUMBER(F12),IF(F12>=9,"A",IF(F12>=7,"B",IF(F12>=5,"C+",IF(F12>=3,"C-","D")))),"N") -> D
A13: =Language!C36 -> Análisis de requerimientos | B13: 1 | C13: =RubricExaminer1!G20 -> N | D13: =RubricExaminer2!G20 -> N | E13: =RubricExaminer3!G20 -> N | F13: =ROUND(SUMPRODUCT(C$7:E$7,C13:E13)/SUM(C$7:E$7),1) -> 0 | G13: =IF(ISNUMBER(F13),IF(F13>=9,"A",IF(F13>=7,"B",IF(F13>=5,"C+",IF(F13>=3,"C-","D")))),"N") -> D
A14: =Language!C37 -> Diseño adecuado de la propuesta | B14: 2 | C14: =RubricExaminer1!G21 -> N | D14: =RubricExaminer2!G21 -> N | E14: =RubricExaminer3!G21 -> N | F14: =ROUND(SUMPRODUCT(C$7:E$7,C14:E14)/SUM(C$7:E$7),1) -> 0 | G14: =IF(ISNUMBER(F14),IF(F14>=9,"A",IF(F14>=7,"B",IF(F14>=5,"C+",IF(F14>=3,"C-","D")))),"N") -> D
A15: =Language!C38 -> Elección de herramientas, tecnologías y fuentes de información adecuadas para el desarrollo del trabajo | B15: 1 | C15: =RubricExaminer1!G22 -> N | D15: =RubricExaminer2!G22 -> N | E15: =RubricExaminer3!G22 -> N | F15: =ROUND(SUMPRODUCT(C$7:E$7,C15:E15)/SUM(C$7:E$7),1) -> 0 | G15: =IF(ISNUMBER(F15),IF(F15>=9,"A",IF(F15>=7,"B",IF(F15>=5,"C+",IF(F15>=3,"C-","D")))),"N") -> D
A16: =Language!C39 -> Grado de análisis y tratamiento del impacto ético-social, de sostenibilidad y de diversidad del trabajo | B16: 1 | C16: =RubricExaminer1!G23 -> N | D16: =RubricExaminer2!G23 -> N | E16: =RubricExaminer3!G23 -> N | F16: =ROUND(SUMPRODUCT(C$7:E$7,C16:E16)/SUM(C$7:E$7),1) -> 0 | G16: =IF(ISNUMBER(F16),IF(F16>=9,"A",IF(F16>=7,"B",IF(F16>=5,"C+",IF(F16>=3,"C-","D")))),"N") -> D
A17: =Language!C40 -> Ejecución e implementación del proyecto
A18: =Language!C42 -> Calidad de la contribución técnica y/o científica del proyecto. Calidad de la solución/producto en desarrollo/obtenido | B18: 3 | C18: =RubricExaminer1!G25 -> N | D18: =RubricExaminer2!G25 -> N | E18: =RubricExaminer3!G25 -> N | F18: =ROUND(SUMPRODUCT(C$7:E$7,C18:E18)/SUM(C$7:E$7),1) -> 0 | G18: =IF(ISNUMBER(F18),IF(F18>=9,"A",IF(F18>=7,"B",IF(F18>=5,"C+",IF(F18>=3,"C-","D")))),"N") -> D
A19: =Language!C43 -> Grado de innovación de la solución presentada | B19: 1 | C19: =RubricExaminer1!G26 -> N | D19: =RubricExaminer2!G26 -> N | E19: =RubricExaminer3!G26 -> N | F19: =ROUND(SUMPRODUCT(C$7:E$7,C19:E19)/SUM(C$7:E$7),1) -> 0 | G19: =IF(ISNUMBER(F19),IF(F19>=9,"A",IF(F19>=7,"B",IF(F19>=5,"C+",IF(F19>=3,"C-","D")))),"N") -> D
A20: =Language!C44 -> Conclusiones y discusión de los resultados | B20: 2 | C20: =RubricExaminer1!G27 -> N | D20: =RubricExaminer2!G27 -> N | E20: =RubricExaminer3!G27 -> N | F20: =ROUND(SUMPRODUCT(C$7:E$7,C20:E20)/SUM(C$7:E$7),1) -> 0 | G20: =IF(ISNUMBER(F20),IF(F20>=9,"A",IF(F20>=7,"B",IF(F20>=5,"C+",IF(F20>=3,"C-","D")))),"N") -> D
A21: =Language!C45 -> Aspectos formales de la memoria
A22: =Language!C46 -> Redacción adecuada, utilización flexible de un lenguaje inclusivo, y organización clara y correcta del contenido | B22: 2 | C22: =RubricExaminer1!G29 -> N | D22: =RubricExaminer2!G29 -> N | E22: =RubricExaminer3!G29 -> N | F22: =ROUND(SUMPRODUCT(C$7:E$7,C22:E22)/SUM(C$7:E$7),1) -> 0 | G22: =IF(ISNUMBER(F22),IF(F22>=9,"A",IF(F22>=7,"B",IF(F22>=5,"C+",IF(F22>=3,"C-","D")))),"N") -> D
A23: =Language!C47 -> Fuentes de información y referencias bibliográficas | B23: 1 | C23: =RubricExaminer1!G30 -> N | D23: =RubricExaminer2!G30 -> N | E23: =RubricExaminer3!G30 -> N | F23: =ROUND(SUMPRODUCT(C$7:E$7,C23:E23)/SUM(C$7:E$7),1) -> 0 | G23: =IF(ISNUMBER(F23),IF(F23>=9,"A",IF(F23>=7,"B",IF(F23>=5,"C+",IF(F23>=3,"C-","D")))),"N") -> D
A24: =Language!C48 -> Defensa del proyecto
A25: =Language!C49 -> Calidad de la presentación oral y de los recursos visuales | B25: 1 | C25: =RubricExaminer1!G32 -> N | D25: =RubricExaminer2!G32 -> N | E25: =RubricExaminer3!G32 -> N | F25: =ROUND(SUMPRODUCT(C$7:E$7,C25:E25)/SUM(C$7:E$7),1) -> 0 | G25: =IF(ISNUMBER(F25),IF(F25>=9,"A",IF(F25>=7,"B",IF(F25>=5,"C+",IF(F25>=3,"C-","D")))),"N") -> D
A26: =Language!C50 -> Respuesta clara y fundamentada a las preguntas de la comisión | B26: 1 | C26: =RubricExaminer1!G33 -> N | D26: =RubricExaminer2!G33 -> N | E26: =RubricExaminer3!G33 -> N | F26: =ROUND(SUMPRODUCT(C$7:E$7,C26:E26)/SUM(C$7:E$7),1) -> 0 | G26: =IF(ISNUMBER(F26),IF(F26>=9,"A",IF(F26>=7,"B",IF(F26>=5,"C+",IF(F26>=3,"C-","D")))),"N") -> D
A27: =Language!C27 -> Final | C27: =ROUND(SUMPRODUCT($B9:$B26,C9:C26)/SUM($B9:$B26),1) -> 0 | D27: =ROUND(SUMPRODUCT($B9:$B26,D9:D26)/SUM($B9:$B26),1) -> 0 | E27: =ROUND(SUMPRODUCT($B9:$B26,E9:E26)/SUM($B9:$B26),1) -> 0 | F27: =ROUND(SUMPRODUCT($B9:$B26,F9:F26)/SUM($B9:$B26),1) -> 0
C28: =IF(C27>=9,"A",IF(C27>=7,"B",IF(C27>=5,"C+",IF(C27>=3,"C-","D")))) -> D | D28: =IF(D27>=9,"A",IF(D27>=7,"B",IF(D27>=5,"C+",IF(D27>=3,"C-","D")))) -> D | E28: =IF(E27>=9,"A",IF(E27>=7,"B",IF(E27>=5,"C+",IF(E27>=3,"C-","D")))) -> D | F28: =IF(F27>=9,"A",IF(F27>=7,"B",IF(F27>=5,"C+",IF(F27>=3,"C-","D")))) -> D
A29: =Language!C65 -> Trabajo propuesto para matrícula de honor | C29: =RubricExaminer1!G37 -> FALSE | D29: =RubricExaminer2!G37 -> FALSE | E29: =RubricExaminer3!G37 -> FALSE
A31: =Language!C68 -> Evaluador/a 1. Observaciones y recomendaciones:
A32: =RubricExaminer1!A40
A33: =Language!C69 -> Evaluador/a 2. Observaciones y recomendaciones:
A34: =RubricExaminer2!A40
A35: =Language!C70 -> Evaluador/a 3. Observaciones y recomendaciones:
A36: =RubricExaminer3!A40

Sheet StudentReport
D1: =RubricTutor!D1 -> Bachelor's degree in Techniques for Software Application Development
D2: =CONCATENATE(Language!C74, RubricTutor!D7) -> Informe de evaluación final del Trabajo Final - Semestre 2025-1
A4: =Language!C5 -> Nombre del/de la estudiante: | D4: =RubricTutor!D4
A5: =Language!C6 -> Título del trabajo: | D5: =RubricTutor!D5
A6: =Language!C7 -> Programa: | D6: =RubricTutor!D6 -> Bachelor's degree in Techniques for Software Application Development
A7: =Language!C9 -> Tutor/a: | D7: =RubricTutor!D8
D9: =Language!C25 -> Peso | E9: =Language!C72 -> Nota numérica | F9: =Language!C73 -> Nota categórica | H9: =Language!C71 -> Tribunal de evaluación
A10: =Language!C14 -> Evaluación del tutor/a | D10: 0.4 | E10: =K37 -> 0 | F10: =IF(E10>=9,"A",IF(E10>=7,"B",IF(E10>=5,"C+",IF(E10>=3,"C-","D")))) -> D | H10: =RubricTutor!D9
A11: =Language!C15 -> Evaluación del tribunal | D11: 0.6 | E11: =K61 -> 0 | F11: =IF(E11>=9,"A",IF(E11>=7,"B",IF(E11>=5,"C+",IF(E11>=3,"C-","D")))) -> D | H11: =RubricTutor!D10
A12: =Language!C16 -> Evaluación final | E12: =ROUND(E10*D10+E11*D11,1) -> 0 | F12: =IF(E12>=9,"A",IF(E12>=7,"B",IF(E12>=5,"C+",IF(E12>=3,"C-","D")))) -> D | H12: =RubricTutor!D11
A14: A | C14: B | E14: C+ | G14: C- | I14: D
A15: 10 | B15: 9 | C15: 8 | D15: 7 | E15: 6 | F15: 5 | G15: 4 | H15: 3 | I15: 2 | J15: 1 | K15: 0
A17: =Language!C14 -> Evaluación del tutor/a | K17: =Language!C17 -> Evaluación
A18: =Language!C29 -> Actitud del/de la estudiante
A19: =Language!C30 -> Grado de autonomía, creatividad, iniciativa, receptividad a la crítica, y buena comunicación con el tutor/a | K19: =IF(ISNUMBER(RubricTutor!Q18),ROUND(RubricTutor!Q18,2),RubricTutor!Q18) -> D
A20: =Language!C31 -> Aspectos metodológicos
A21: =Language!C32 -> Definición de unos objetivos claros, concretos, realistas y adecuados | K21: =IF(ISNUMBER(RubricTutor!Q20),ROUND(RubricTutor!Q20,2),RubricTutor!Q20) -> D
A22: =Language!C33 -> Definición de la metodología, planificación temporal y de recursos | K22: =IF(ISNUMBER(RubricTutor!Q21),ROUND(RubricTutor!Q21,2),RubricTutor!Q21) -> D
A23: =Language!C34 -> Especificación y diseño
A24: =Language!C35 -> Estudio previo e identificación de los aspectos relevantes del problema y de su solución (e.g. estado del arte, estudio de mercado) | K24: =IF(ISNUMBER(RubricTutor!Q23),ROUND(RubricTutor!Q23,2),RubricTutor!Q23) -> D
A25: =Language!C36 -> Análisis de requerimientos | K25: =IF(ISNUMBER(RubricTutor!Q24),ROUND(RubricTutor!Q24,2),RubricTutor!Q24) -> D
A26: =Language!C37 -> Diseño adecuado de la propuesta | K26: =IF(ISNUMBER(RubricTutor!Q25),ROUND(RubricTutor!Q25,2),RubricTutor!Q25) -> D
A27: =Language!C38 -> Elección de herramientas, tecnologías y fuentes de información adecuadas para el desarrollo del trabajo | K27: =IF(ISNUMBER(RubricTutor!Q26),ROUND(RubricTutor!Q26,2),RubricTutor!Q26) -> D
A28: =Language!C39 -> Grado de análisis y tratamiento del impacto ético-social, de sostenibilidad y de diversidad del trabajo | K28: =IF(ISNUMBER(RubricTutor!Q27),ROUND(RubricTutor!Q27,2),RubricTutor!Q27) -> D
A29: =Language!C40 -> Ejecución e implementación del proyecto
A30: =Language!C41 -> Seguimiento de la planificación y capacidad de adaptación | K30: =IF(ISNUMBER(RubricTutor!Q29),ROUND(RubricTutor!Q29,2),RubricTutor!Q29) -> D
A31: =Language!C42 -> Calidad de la contribución técnica y/o científica del proyecto. Calidad de la solución/producto en desarrollo/obtenido | K31: =IF(ISNUMBER(RubricTutor!Q30),ROUND(RubricTutor!Q30,2),RubricTutor!Q30) -> D
A32: =Language!C43 -> Grado de innovación de la solución presentada | K32: =IF(ISNUMBER(RubricTutor!Q31),ROUND(RubricTutor!Q31,2),RubricTutor!Q31) -> D
A33: =Language!C44 -> Conclusiones y discusión de los resultados | K33: =IF(ISNUMBER(RubricTutor!Q32),ROUND(RubricTutor!Q32,2),RubricTutor!Q32) -> D
A34: =Language!C45 -> Aspectos formales de la memoria
A35: =Language!C46 -> Redacción adecuada, utilización flexible de un lenguaje inclusivo, y organización clara y correcta del contenido | K35: =IF(ISNUMBER(RubricTutor!Q34),ROUND(RubricTutor!Q34,2),RubricTutor!Q34) -> D
A36: =Language!C47 -> Fuentes de información y referencias bibliográficas | K36: =IF(ISNUMBER(RubricTutor!Q35),ROUND(RubricTutor!Q35,2),RubricTutor!Q35) -> D
A37: =Language!C18 -> Evaluación final del tutor/a | K37: =IF(ISNUMBER(RubricTutor!Q37),ROUND(RubricTutor!Q37,1),RubricTutor!Q37) -> 0
A41: =Language!C15 -> Evaluación del tribunal | K41: =Language!C17 -> Evaluación
A42: =Language!C31 -> Aspectos metodológicos
A43: =Language!C32 -> Definición de unos objetivos claros, concretos, realistas y adecuados | K43: =DefenseSummary!G9 -> D
A44: =Language!C33 -> Definición de la metodología, planificación temporal y de recursos | K44: =DefenseSummary!G10 -> D
A45: =Language!C34 -> Especificación y diseño
A46: =Language!C35 -> Estudio previo e identificación de los aspectos relevantes del problema y de su solución (e.g. estado del arte, estudio de mercado) | K46: =DefenseSummary!G12 -> D
A47: =Language!C36 -> Análisis de requerimientos | K47: =DefenseSummary!G13 -> D
A48: =Language!C37 -> Diseño adecuado de la propuesta | K48: =DefenseSummary!G14 -> D
A49: =Language!C38 -> Elección de herramientas, tecnologías y fuentes de información adecuadas para el desarrollo del trabajo | K49: =DefenseSummary!G15 -> D
A50: =Language!C39 -> Grado de análisis y tratamiento del impacto ético-social, de sostenibilidad y de diversidad del trabajo | K50: =DefenseSummary!G16 -> D
A51: =Language!C40 -> Ejecución e implementación del proyecto | K51: =RubricTutor!Q44
A52: =Language!C42 -> Calidad de la contribución técnica y/o científica del proyecto. Calidad de la solución/producto en desarrollo/obtenido | K52: =DefenseSummary!G18 -> D
A53: =Language!C43 -> Grado de innovación de la solución presentada | K53: =DefenseSummary!G19 -> D
A54: =Language!C44 -> Conclusiones y discusión de los resultados | K54: =DefenseSummary!G20 -> D
A55: =Language!C45 -> Aspectos formales de la memoria
A56: =Language!C46 -> Redacción adecuada, utilización flexible de un lenguaje inclusivo, y organización clara y correcta del contenido | K56: =DefenseSummary!G22 -> D
A57: =Language!C47 -> Fuentes de información y referencias bibliográficas | K57: =DefenseSummary!G23 -> D
A58: =Language!C48 -> Defensa del proyecto
A59: =Language!C52 -> Presentación | K59: =DefenseSummary!G25 -> D
A60: =Language!C53 -> Defensa | K60: =DefenseSummary!G26 -> D
A61: =Language!C19 -> Evaluación final del tribunal | K61: =DefenseSummary!F27 -> 0
A63: =Language!C16 -> Evaluación final | K63: =Language!C17 -> Evaluación
A64: =Language!C14 -> Evaluación del tutor/a | J64: =D10 -> 0.4 | K64: =E10 -> 0
A65: =Language!C15 -> Evaluación del tribunal | J65: =D11 -> 0.6 | K65: =E11 -> 0
A66: =Language!C16 -> Evaluación final | K66: =E12 -> 0
A86: =Language!C68 -> Evaluador/a 1. Observaciones y recomendaciones:
A87: =DefenseSummary!A32
A88: =Language!C69 -> Evaluador/a 2. Observaciones y recomendaciones:
A89: =DefenseSummary!A34
A90: =Language!C70 -> Evaluador/a 3. Observaciones y recomendaciones:
A91: =DefenseSummary!A36

Sheet AssessmentCriteria
B1: Actitud del/de la estudiante | E1: Actitud de l'estudiant | H1: Student's attitude
B2: Grado de autonomía, creatividad, iniciativa, receptividad a la crítica, comunicación con el tutor/a | E2: Grau d'autonomia, creativitat, iniciativa, receptivitat a la crítica, i bona comunicació amb el tutor/a | H2: Autonomy, creativity, initiative, receptivity to criticism, and good communication with the supervisor
A3: A | B3: • El/La estudiante ha trabajado de forma autónoma, demostrando iniciativa y creatividad, minimizando la dependencia del tutor/a para avanzar con el trabajo • La comunicación con el tutor/a ha sido fluida y el/la estudiante ha tenido una buena receptividad a la crítica • El/La estudiante ha sabido discutir las decisiones tomadas con el tutor/a de forma coherente y razonada, demostrando una capacidad de comprender, analizar y solucionar problemas propia del nivel académico o profesional esperado | D3: A | E3: • L'estudiant ha treballat de forma autònoma, demostrant iniciativa i creativitat, minimitzant la dependència del tutor/a per avançar amb el treball • La comunicació amb el tutor/a ha estat fluïda i l'estudiant ha tingut una bona receptivitat a la crítica • L'estudiant ha sabut discutir les decisions preses amb el tutor/a de forma coherent i raonada, demostrant una capacitat de comprendre, analitzar i solucionar problemes pròpis del nivell acadèmic o professional esperat | G3: A | H3: • The student has worked autonomously, showing initiative and creativity, minimizing dependency on the supervisor to advance with the project • Communication with the supervisor has been fluent and the student has had a good receptivity to criticism • The student has discussed with the supervisor the decisions made in a coherent and reasoned manner, demonstrating an ability to understand, analyze and solve problems typical of the expected academic or professional level
A4: B | B4: • El/La estudiante ha trabajado de forma autónoma en gran medida, demostrando cierta iniciativa y algo de creatividad • La comunicación con el tutor/a ha sido fluida y el/la estudiante ha tenido una buena receptividad a la crítica • El/La estudiante ha sabido discutir las decisiones tomadas con el tutor/a de forma coherente y razonada, demostrando una capacidad de comprender, analizar y solucionar problemas propia del nivel académico o profesional esperado | D4: B | E4: • L'estudiant ha treballat de forma autònoma en gran mesura, demostrant certa iniciativa i una mica de creativitat • La comunicació amb el tutor/a ha estat fluïda i l'estudiant ha tingut una bona receptivitat a la crítica • L'estudiant ha sabut discutir les decisions preses amb el tutor/a de forma coherent i raonada, demostrant una capacitat de comprendre, analitzar i solucionar problemes pròpia del nivell acadèmic o professional esperat | G4: B | H4: • The student has worked autonomously to a great extent, showing some initiative and some creativity • Communication with the supervisor has been fluent and the student has had a good receptivity to criticism • The student has discussed the decisions made with the supervisor in a coherent and reasoned manner, demonstrating an ability to understand, analyze and solve problems typical of the expected academic or professional level
A5: C+ | B5: • El/La estudiante ha sido algo dependiente del tutor/a, demostrando cierta iniciativa y algo de creatividad • La comunicación con el tutor/a ha sido fluida y el/la estudiante ha tenido una buena receptividad a la crítica • Aunque no siempre, en general, el/la estudiante ha sabido discutir las decisiones tomadas con el tutor/a de forma coherente y razonada, demostrando una capacidad de comprender, analizar y solucionar problemas propia del nivel académico o profesional esperado. Hay espacio para mejorar | D5: C+ | E5: • L'estudiant ha estat una mica depenent de el tutor/a, demostrant certa iniciativa i una mica de creativitat • La comunicació amb el tutor/a ha estat fluïda i l'estudiant ha tingut una bona receptivitat a la crítica • Encara que no sempre, en general, l'estudiant ha sabut discutir les decisions preses amb el tutor/a de forma coherent i raonada, demostrant una capacitat de comprendre, analitzar i solucionar problemes pròpia del nivell acadèmic o professional esperat. Hi ha espai per millorar | G5: C+ | H5: • The student has been somehow dependent on the supervisor, showing some initiative and some creativity • Communication with the supervisor has been fluid and the student has had a good receptivity to criticism • Although not always, in general, the student has been able to discuss the decisions made with the supervisor in a coherent and reasoned manner, demonstrating an ability to understand, analyze and solve problems typical of the expected academic or professional level. There is room for improvement
A6: C- | B6: Alguna de las siguientes afirmaciones describen al/a la estudiante: • El/La estudiante ha tenido una gran dependencia del tutor/a, sin demostrar iniciativa o creatividad • La comunicación con el tutor/a no ha sido fluida y al/a la estudiante le cuesta aceptar la crítica • El/La estudiante no ha sabido discutir las decisiones tomadas de forma coherente y razonada • El/La estudiante no demuestra una capacidad de solucionar problemas propios del nivel académico o profesional esperado | D6: C- | E6: Alguna de les següents afirmacions descriuen a l'estudiant: • L'estudiant ha tingut una gran dependència de tutor/a, sense demostrar iniciativa o creativitat • La comunicació amb el tutor/a no ha estat fluida i a l'estudiant li costa acceptar la crítica • L'estudiant no ha sabut discutir les decisions preses de forma coherent i raonada • L'estudiant no demostra una capacitat de solucionar problemes propis del nivell acadèmic o professional esperat | G6: C- | H6: One or more of the following statements describe the student: • The student has had a great dependency on the supervisor, without showing initiative or creativity • Communication with the supervisor has not been fluent and the student finds it difficult to accept criticism • The student has not shown the ability to discuss the decisions made in a coherent and reasoned way • The student does not demonstrate the ability to solve problems of the expected academic or professional level
A7: D | B7: Todas las afirmaciones que se exponen a continuación describen al/a la estudiante: • El/La estudiante ha tenido una gran dependencia del tutor/a, sin demostrar iniciativa o creatividad • La comunicación con el tutor/a no ha sido fluida y al/a la estudiante le cuesta aceptar la crítica • El/La estudiante no ha sabido discutir las decisiones tomadas de forma coherente y razonada • El/La estudiante no demuestra una capacidad de solucionar problemas propios del nivel académico o profesional esperado | D7: D | E7: Totes les afirmacions que s'exposen a continuació descriuen a l'estudiant: • L'estudiant ha tingut una gran dependència de tutor/a, sense demostrar iniciativa o creativitat • La comunicació amb el tutor/a no ha estat fluida i a l'estudiant li costa acceptar la crítica • L'estudiant no ha sabut discutir les decisions preses de forma coherent i raonada. • L'estudiant no demostra una capacitat de solucionar problemes propis del nivell acadèmic o professional esperat | G7: D | H7: All of the statements below describe the student: • The student has had a great dependency on the supervisor, without showing initiative or creativity • Communication with the supervisor has not been fluent and the student finds it difficult to accept criticism • The student has not shown the ability to discuss the decisions made in a coherent and reasoned way • The student does not demonstrate the ability to solve problems of the expected academic or professional level
B9: Aspectos metodológicos | E9: Aspectes metodològics | H9: Methodological aspects
B10: Definición de unos objetivos claros, concretos, realistas y adecuados | E10: Definició d'uns objectius clars, concrets, realistes i adequats | H10: Definition of clear, specific, realistic and adequate objectives
A11: A | B11: • Los objetivos son adecuados al contexto del trabajo • Cada objetivo es claro y evaluable • Los objetivos son realistas • Los objetivos están priorizados | D11: A | E11: • Els objectius són adequats al context del treball • Cada objectiu és clar i avaluable • Els objectius són realistes • Els objectius estan prioritzats | G11: A | H11: • The objectives are appropriate to the context of the project • Each objective is clear and measurable • The objectives are realistic • The objectives have been assigned a priority level
A12: B | B12: Los objetivos son adecuados al contexto del trabajo y responden a la mayoría de los siguientes puntos, pero no todos: • Cada objetivo es claro y evaluable • Los objetivos son realistas • Los objetivos están priorizados | D12: B | E12: Els objectius són adequats al context del treball i responen a la majoria dels següents punts, però no tots: • Cada objectiu és clar i avaluable • Els objectius són realistes • Els objectius estan prioritzats | G12: B | H12: The objectives are appropriate to the context of the work and answer most of the following points, but not all: • Each objective is clear and measurable • The objectives are realistic • The objectives have been assigned a priority level
A13: C+ | B13: Los objetivos son adecuados al contexto del trabajo, pero no responden a la mayoría de los siguientes puntos: • Cada objetivo es claro y evaluable • Los objetivos son realistas • Los objetivos están priorizados | D13: C+ | E13: Els objectius són adequats al context del treball, però no responen a la majoria dels següents punts: • Cada objectiu és clar i avaluable • Els objectius són realistes • Els objectius estan prioritzats | G13: C+ | H13: The objectives are appropriate to the context of the work, but do not respond to most of the following points: • Each objective is clear and measurable • The objectives are realistic • The objectives have been assigned a priority level
A14: C- | B14: • Alguno de los objetivos definidos no es pertinente en el contexto del trabajo • Varios de los objetivos definidos no son claros ni evaluables | D14: C- | E14: • Algun dels objectius definits no és pertinent en el context del treball • Diversos dels objectius definits no són clars ni avaluables | G14: C- | H14: • Some of the defined objectives are not relevant in the context of the work • Several of the defined objectives are not clear or measurable
A15: D | B15: • No se ha definido una lista de objetivos, o los objetivos no son adecuados en el contexto del trabajo | D15: D | E15: • No s'ha definit una llista d'objectius, o els objectius no són adequats en el context del treball | G15: D | H15: • A list of objectives has not been defined, or the objectives are not appropriate in the context of the project
B17: Definición de la metodología, planificación temporal y de recursos | E17: Definició de la metodologia, planificació temporal i de recursos | H17: Methodology, schedule and resource planning
A18: A | B18: • Se ha escogido una metodología adecuada para alcanzar los objetivos propuestos. Se ha adaptado la metodología a las necesidades del proyecto • Se han identificado las tareas necesarias para conseguir los objetivos propuestos • La duración estimada para cada tarea es adecuada • La planificación global del trabajo es realista • Se ha tenido en cuenta el nivel de conocimiento y experiencia al establecer la duración de las tareas • El calendario tiene en cuenta la dedicación esperada, la disponibilidad de recursos y las fechas especiales del calendario (festivos, puentes, vacaciones,...) • Se incluye un diagrama de Gantt o similar • Si es apropiado, se han detallado los costes económicos asociados • La planificación considera explícitamente las actividades pertinentes de carácter no técnico (redacción de la memoria, elaboración de la presentación,...) • Se ha hecho un análisis de riesgos que tenga en cuenta de forma exhaustiva posibles eventualidades surgidas al desarrollar el proyecto, así como establecer medidas mitigadoras y correctivas adecuadas | D18: A | E18: • S'ha escollit una metodologia adequada per assolir els objectius proposats. S'ha adaptat la metodologia a les necessitats del projecte • S'han identificat les tasques necessàries per aconseguir els objectius proposats • La durada estimada per a cada tasca és adequada • La planificació global del treball és realista • S'ha tingut en compte el nivell de coneixement i experiència a l'establir la durada de les tasques • El calendari té en compte la dedicació esperada, la disponibilitat de recursos i les dates especials del calendari (festius, ponts, vacances, ...) • S'inclou un diagrama de Gantt o similar • Si és apropiat, s'han detallat els costos econòmics associats • La planificació considera explícitament les activitats pertinents de caràcter no tècnic (redacció de la memòria, elaboració de la presentació, ...) • S'ha fet una anàlisi de riscos que tingui en compte de manera exhaustiva possibles eventualitats sorgides al desenvolupar el projecte, així com establir mesures mitigadores i correctives adequades | G18: A | H18: • An appropriate methodology has been chosen to achieve the proposed objectives. The methodology has been adapted to the needs of the project • The tasks necessary to achieve the proposed objectives have been identified • The estimated duration for each task is appropriate • The overall work planning is realistic • The level of knowledge and experience has been taken into account when establishing the duration of the tasks • The schedule takes into account the expected dedication, the availability of resources and the special dates of the calendar (e.g. holidays) • A Gantt chart or similar is included • If appropriate, the associated economic costs have been detailed • The planning explicitly considers the pertinent activities of a non-technical nature (e.g. writing the report, preparing the presentation) • A risk analysis has been carried out that exhaustively takes into account possible contingencies that may arise when developing the project, as well as establishing appropriate mitigating and corrective measures
A19: B | B19: • Se ha escogido una metodología adecuada para alcanzar los objetivos propuestos. No se ha especificado cómo se adaptará la metodología a las necesidades del proyecto • Se han identificado las tareas necesarias para conseguir los objetivos propuestos • La duración estimada para cada tarea es adecuada • La planificación es realista • Se ha tenido en cuenta el nivel de conocimiento y experiencia al establecer la duración de las tareas • El calendario establecido es mejorable ya que no tiene en cuenta la dedicación esperada, la disponibilidad de recursos o las fechas especiales del calendario (festivos, puentes, vacaciones,...) • Se incluye un diagrama de Gantt o similar • Si es apropiado, se han detallado los costes económicos asociados • La planificación considera explícitamente las actividades pertinentes de carácter no técnico (redacción de la memoria, elaboración de la presentación,...) • Siendo necesario, no se ha hecho un análisis de riesgos adecuado que tenga en cuenta de forma exhaustiva posibles eventualidades surgidas al desarrollar el proyecto | D19: B | E19: • S'ha escollit una metodologia adequada per assolir els objectius proposats. No s'ha especificat com s'adaptarà la metodologia a les necessitats del projecte • S'han identificat les tasques necessàries per aconseguir els objectius proposats • La durada estimada per a cada tasca és adequada • La planificació és realista • S'ha tingut en compte el nivell de coneixement i experiència a l'establir la durada de les tasques • El calendari establert és millorable ja que no té en compte la dedicació esperada, la disponibilitat de recursos o les dates especials del calendari (festius, ponts, vacances, ...) • S'inclou un diagrama de Gantt o similar • Si és apropiat, s'han detallat els costos econòmics associats • La planificació considera explícitament les activitats pertinents de caràcter no tècnic (redacció de la memòria, elaboració de la presentació, ...) • Sent necessari, no s'ha fet una anàlisi de riscos adequat que tingui en compte de manera exhaustiva possibles eventualitats sorgides al desenvolupar el projecte | G19: B | H19: • An appropriate methodology has been chosen to achieve the proposed objectives. It has not been specified how the methodology will be adapted to the needs of the project • The tasks necessary to achieve the proposed objectives have been identified. • The estimated duration for each task is appropriate • Planning is realistic • The level of knowledge and experience has been taken into account when establishing the duration of the tasks • The established schedule can be improved since it does not take into account the expected dedication, the availability of resources or the special dates of the calendar (e.g. holidays) • A Gantt chart or similar is included • If appropriate, the associated economic costs have been detailed • The planning explicitly considers the pertinent activities of a non-technical nature (e.g. writing the report, preparing the presentation) • Being necessary, an adequate risk analysis has not been carried out that exhaustively takes into account possible contingencies that may arise when developing the project.
A20: C+ | B20: • Se ha escogido una metodología mínimamente adecuada para alcanzar los objetivos propuestos • Se han identificado las tareas básicas para conseguir los objetivos propuestos • La planificación es realista • Se incluye un diagrama de Gantt o similar | D20: C+ | E20: • S'ha escollit una metodologia mínimament adequada per assolir els objectius proposats • S'han identificat les tasques bàsiques per aconseguir els objectius proposats • La planificació és realista • S'inclou un diagrama de Gantt o similar | G20: C+ | H20: • A minimally adequate methodology has been chosen to achieve the proposed objectives • The basic tasks have been identified to achieve the proposed objectives • Schedule is realistic • A Gantt chart or similar is included
A21: C- | B21: • Se ha escogido una metodología mínimamente adecuada para alcanzar los objetivos propuestos • Se han identificado las tareas básicas para conseguir los objetivos propuestos • No se ha hecho una planificación de tareas | D21: C- | E21: • S'ha escollit una metodologia mínimament adequada per assolir els objectius proposats • S'han identificat les tasques bàsiques per aconseguir els objectius proposats • No s'ha fet una planificació de tasques | G21: C- | H21: • A minimally adequate methodology has been chosen to achieve the proposed objectives. • The basic tasks have been identified to achieve the proposed objectives • Task planning has not been done
A22: D | B22: • No se ha escogido una metodología mínimamente adecuada para alcanzar los objetivos propuestos • No se han identificado las tareas básicas para conseguir los objetivos propuestos | D22: D | E22: • No s'ha escollit una metodologia mínimament adequada per assolir els objectius proposats • No s'han identificat les tasques bàsiques per aconseguir els objectius proposats | G22: D | H22: • A minimally adequate methodology has not been chosen to achieve the proposed objectives • The basic tasks to achieve the proposed objectives have not been identified
B24: Especificación y diseño | E24: Especificació i disseny | H24: Specification and design
B25: Estudio previo e identificación de los aspectos relevantes del problema y de su solución (e.g. estado del arte, estudio de mercado) | E25: Estudi previ i identificació dels aspectes rellevants del problema i de la seva solució (e.g. estat de l'art, estudi de mercat) | H25: Perliminary study and identification of relevant aspects of the problem and its solution (e.g. state of the art, market study)
A26: A | B26: • Se identifican todos los aspectos relevantes del problema • Se evalúan diversas alternativas para solucionarlo • Se estudian en profundidad otros trabajos o soluciones propuestas por otros autores para encarar el problema planteado. Entre ellos se han tenido en cuenta los trabajos más actuales y más relevantes dentro del área de estudio • Se describe una solución adecuada al problema planteado | D26: A | E26: • S'identifiquen tots els aspectes rellevants del problema • S'avaluen diverses alternatives per solucionar el problema • S'estudien en profunditat altres treballs o solucions proposades per altres autors per encarar el problema plantejat. Entre ells s'han tingut en compte els treballs més actuals i més rellevants dins l'àrea d'estudi • Es descriu una solució adequada al problema plantejat | G26: A | H26: • All relevant aspects of the problem have been identified • Several alternatives to solve the problem have been evaluated • Other work or solutions proposed by other authors to deal with the problem are studied in depth. Among them, the most updated and most relevant works within the study area have been taken into account. • An appropriate solution to the problem has been properly described
A27: B | B27: • Se identifican los aspectos más relevantes del problema • Se evalúan las alternativas más destacadas para solucionarlo • Se estudian otros trabajos o soluciones propuestas por otros autores para encarar el problema planteado. Sin embargo, no se tienen en cuenta los trabajos más actuales o más relevantes dentro del área de estudio. • Se describe una solución adecuada al problema planteado | D27: B | E27: • S'identifiquen els aspectes més rellevants del problema • S'avaluen les alternatives més destacades per solucionar el problema • S'estudien altres treballs o solucions proposades per altres autors per encarar el problema plantejat. No obstant això, no es tenen en compte els treballs més actuals o més rellevants dins l'àrea d'estudi. • Es descriu una solució adequada al problema plantejat | G27: B | H27: • Only the most relevant aspects of the problem have been identified • Only the most outstanding alternatives to solve the problem have been evaluated • Other work or solutions proposed by other authors are studied to deal with the problem. However, the most updated or most relevant works within the study area are not taken into account • An appropriate solution to the problem has been properly described
A28: C+ | B28: • Se identifican los aspectos básicos del problema • Se evalúan algunas alternativas para solucionarlo • Se describe una solución bàsica al problema planteado | D28: C+ | E28: • S'identifiquen els aspectes bàsics del problema • S'avaluen algunes alternatives per solucionar-lo • Es descriu una solució bàsica al problema plantejat | G28: C+ | H28: • The basic aspects of the problem have been identified • Only few alternatives have been evaluated to solve it • A basic solution to the problem has been described
A29: C- | B29: • No se identifican los aspectos básicos del problema • Se describe una solución básica al problema planteado | D29: C- | E29: • No s'identifiquen els aspectes bàsics del problema • Es descriu una solució bàsica al problema plantejat | G29: C- | H29: • The basic aspects of the problem have not been identified • A basic solution to the problem has been described
A30: D | B30: • No se identifican los aspectos básicos del problema • No se describe una solución básica al problema planteado | D30: D | E30: • No s'identifiquen els aspectes bàsics del problema • No es descriu una solució bàsica al problema plantejat | G30: D | H30: • The basic aspects of the problem have not been identified • A basic solution to the problem has not been described
B32: Análisis de requerimientos | E32: Anàlisi de requeriments | H32: Requirement analysis
A33: A | B33: • Se ha hecho un estudio profundo de las necesidades existentes en el contexto del trabajo • Se han extraído de forma exhaustiva los requerimientos y, en caso de desarrollos de software, se ha especificado las características operacionales que debe tener la solución • Los requerimientos se han definido de forma clara, verificable y priorizable • Se han tenido en cuenta las diferentes áreas que involucra el trabajo | D33: A | E33: • S'ha fet un estudi profund de les necessitats existents en el context del treball • S'han extret de forma exhaustiva els requeriments i, en cas de desenvolupaments de programari, s'ha especificat les característiques operacionals que ha de tenir la solució • Els requeriments s'han definit de forma clara, verificable i priorizable • S'han tingut en compte les diferents àrees que involucra el treball | G33: A | H33: • An in-depth analysis has been made studing the existing needs in the context of the project • The requirements have been exhaustively detailed and, in the case of software development, the operational characteristics of the solution have been specified • The requirements have been clearly defined, they are verifiable and they have been prioritized • The different areas involved in the project have been taken into account
A34: B | B34: La entrega responde a la mayoría de los siguientes puntos, pero no todos: • Se ha hecho un estudio profundo de las necesidades existentes en el contexto del trabajo • Se han extraído de forma exhaustiva los requerimientos y, en caso de desarrollos de software, se ha especificado las características operacionales que debe tener la solución • Los requerimientos se han definido de forma clara, verificable y priorizable • Se han tenido en cuenta las diferentes áreas que involucra el trabajo | D34: B | E34: El lliurament respon a la majoria dels següents punts, però no tots: • S'ha fet un estudi profund de les necessitats existents en el context del treball • S'han extret de forma exhaustiva els requeriments i, en cas de desenvolupaments de programari, s'ha especificat les característiques operacionals que ha de tenir la solució • Els requeriments s'han definit de forma clara, verificable i priorizable • S'han tingut en compte les diferents àrees que involucra el treball | G34: B | H34: The submission answers most of the following points, but not all: • An in-depth analysis has been made studing the existing needs in the context of the project • The requirements have been exhaustively detailed and, in the case of software development, the operational characteristics of the solution have been specified • The requirements have been clearly defined, they are verifiable and have been prioritized • The different areas involved in the project have been taken into account
A35: C+ | B35: • Se ha hecho un estudio superficial de las necesidades existentes en el contexto del trabajo • Se han extraído los requerimientos básicos • En general, los requerimientos se han definido de forma clara, verificable y priorizable | D35: C+ | E35: • S'ha fet un estudi superficial de les necessitats existents en el context del treball • S'han extret els requeriments bàsics • En general, els requeriments s'han definit de forma clara, verificable i priorizable | G35: C+ | H35: • A superficial study has been made of the existing needs in the context of the project • Basic requirements have been detailed • In general, the requirements have been defined in a clear, verifiable and prioritizable way
A36: C- | B36: • Se ha hecho un estudio superficial de las necesidades existentes en el contexto del trabajo • Se han extraído los requerimientos básicos • Los requerimientos se han definido de forma no totalmente clara, verificable o priorizable | D36: C- | E36: • S'ha fet un estudi superficial de les necessitats existents en el context del treball • S'han extret els requeriments bàsics • Els requeriments s'han definit de forma no totalment clara, verificable o priorizable | G36: C- | H36: • A superficial study has been made of the existing needs in the context of the project • Basic requirements have been extracted • The requirements have been defined in a way that is not totally clear, verifiable or prioritizable
A37: D | B37: • No se ha hecho un estudio básico de las necesidades existentes en el contexto del trabajo • No se han extraído los requerimientos básicos | D37: D | E37: • No s'ha fet un estudi bàsic de les necessitats existents en el context del treball • No s'han extret els requeriments bàsics | G37: D | H37: • A basic study of the existing needs in the context of the work has not been done • The basic requirements have not been detailed
B39: Diseño adecuado de la propuesta | E39: Disseny adequat de la proposta | H39: Design of the proposal
A40: A | B40: • Se ha conceptualizado de forma correcta la solución a alcanzar teniendo en cuenta los recursos disponibles • Se han utilizado métodos o patrones de diseño actuales y adecuados para cada caso • Se ha hecho un diseño claro y sin ambigüedades • El diseño propuesto cubre los requerimientos definidos en etapas previas | D40: A | E40: • S'ha conceptualitzat de forma correcta la solució a assolir tenint en compte els recursos disponibles • S'han utilitzat mètodes o patrons de disseny actuals i adequats per a cada cas • S'ha fet un disseny clar i sense ambigüitats • El disseny proposat cobreix els requeriments definits en etapes prèvies | G40: A | H40: • The design of the solution to the problem has been correctly conceptualized, taking into account the available resources • Current and appropriate design methods or patterns have been used • The design is clear and unambiguous • The design meets the requirements defined in previous stages
A41: B | B41: • Se ha conceptualizado de forma correcta la solución a alcanzar teniendo en cuenta los recursos disponibles • Se han utilizado solo algunos métodos o patrones de diseño actuales y adecuados para cada caso • Se ha hecho un diseño claro y sin ambigüedades • El diseño propuesto cubre la mayoría de los requerimientos definidos en etapas previas | D41: B | E41: • S'ha conceptualitzat de forma correcta la solució a assolir tenint en compte els recursos disponibles • S'han utilitzat només alguns mètodes o patrons de disseny actuals i adequats per a cada cas • S'ha fet un disseny clar i sense ambigüitats • El disseny proposat cobreix la majoria dels requeriments definits en etapes prèvies | G41: B | H41: • The design of the solution to the problem has been correctly conceptualized, taking into account the available resources • Only some of the current and appropriate design methods or patterns have been used • The design is clear and unambiguous • The design meets most of the requirements defined in previous stages
A42: C+ | B42: • Se ha conceptualizado de forma básica la solución a alcanzar teniendo en cuenta los recursos disponibles • Se han utilizado algunos métodos o patrones de diseño adecuados para cada caso, aunque los más actuales no se han considerado • El diseño es claro pero presenta ciertas ambigüedades • El diseño propuesto cubre los requerimientos básicos definidos en etapas previas y no existen contradicciones | D42: C+ | E42: • S'ha conceptualitzat de forma bàsica la solució a assolir tenint en compte els recursos disponibles • S'han utilitzat alguns mètodes o patrons de disseny adequats per a cada cas, encara que els més actuals no s'han considerat • El disseny és clar però presenta certes ambigüitats • El disseny proposat cobreix els requeriments bàsics definits en etapes prèvies i no hi ha contradiccions | G42: C+ | H42: • The design of the solution to the problem has been conceptualized in a basic way, taking into account the available resources • Some appropriate design methods or patterns have been used, although the most current ones have not been considered • The design is clear but has certain ambiguities • The proposed design covers the basic requirements defined in previous stages and there are no contradictions
A43: C- | B43: • Se ha conceptualizado de forma básica la solución a alcanzar, aunque no se han tenido en cuenta los recursos disponibles • Algunos métodos o patrones de diseño utilizados no son correctos o están desactualizados • El diseño propuesto no cubre todos los requerimientos básicos definidos en etapas previas o existen contradicciones | D43: C- | E43: • S'ha conceptualitzat de forma bàsica la solució a assolir, encara que no s'han tingut en compte els recursos disponibles • Alguns mètodes o patrons de disseny utilitzats no són correctes o estan desactualitzats • El disseny proposat no cobreix tots els requeriments bàsics definits en etapes prèvies o existeixen contradiccions | G43: C- | H43: • The solution has been conceptualized in a basic way, although the available resources have not been taken into account • Some methods or design patterns used are incorrect or out of date • The proposed design does not cover all the basic requirements defined in previous stages or there are contradictions
A44: D | B44: • No se ha conceptualizado de forma básica la solución a alcanzar • El diseño propuesto no cubre los requerimientos básicos extraídos en etapas previas | D44: D | E44: • No s'ha conceptualitzat de forma bàsica la solució a assolir • El disseny proposat no cobreix els requeriments bàsics extrets en etapes prèvies | G44: D | H44: • The solution has not been conceptualized in a basic way • The proposed design does not cover the basic requirements extracted in previous stages
B46: Elección de herramientas, tecnologías y fuentes de información adecuadas para el desarrollo del trabajo | E46: Elecció d'eines, tecnologies i fonts d'informació adequades per al desenvolupament del treball | H46: Choice of tools, technologies and information sources for the development of the project
A47: A | B47: • Se seleccionan los recursos y la información a utilizar con rigor en fuentes especializadas afines a la temática del trabajo, evaluando el nivel de fiabilidad y credibilidad de las diferentes fuentes • Se han utilizado correctamente las herramientas básicas para tratar la información y organizar el trabajo (word, excel, herramientas de gestión de proyectos, etc. ) • Se ha hecho una evaluación de diferentes herramientas para llevar a cabo el trabajo propias del campo de estudio, y se han escogido las herramientas más adecuadas • Se han empleado herramientas del estado del arte del campo de estudio que han llevado a la realización de un trabajo de forma innovadora | D47: A | E47: • Es seleccionen els recursos i la informació a utilitzar amb rigor en fonts especialitzades afins a la temàtica de la feina, avaluant el nivell de fiabilitat i credibilitat de les diferents fonts • S'han utilitzat correctament les eines bàsiques per tractar la informació i organitzar el treball (word, excel, eines de gestió de projectes, etc.) • S'ha fet una avaluació de diferents eines per dur a terme el treball pròpies del camp d'estudi, i s'han escollit les eines més adequades • S'han emprat eines de l'estat de l'art del camp d'estudi que han portat a la realització d'un treball de forma innovadora | G47: A | H47: • The resources and information are rigorously selected from specialized sources. The level of reliability and credibility of the sources has been evaluated • The basic tools for processing information and organizing work (e.g. word, excel, project management tools) have been used correctly • Different tools to execute the project have been evaluated and the most appropriate have been chosen • The used tools are state-of-the-art in the field of study and have contributed to the completion of project in an innovative way
A48: B | B48: • Se seleccionan los recursos y la información a utilizar con rigor en fuentes especializadas afines a la temática del trabajo, evaluando el nivel de fiabilidad y credibilidad de las diferentes fuentes • Se han utilizado correctamente las herramientas básicas para tratar la información y organizar el trabajo (word, excel, herramientas de gestión de proyectos, etc. ) • Se ha hecho una evaluación de diferentes herramientas para llevar a cabo el trabajo propias del campo de estudio, y se han escogido las herramientas más adecuadas • El uso de las herramientas escogidas no incorpora ningún grado de innovación respecto trabajos previos | D48: B | E48: • Es seleccionen els recursos i la informació a utilitzar amb rigor en fonts especialitzades afins a la temàtica de la feina, avaluant el nivell de fiabilitat i credibilitat de les diferents fonts • S'han utilitzat correctament les eines bàsiques per tractar la informació i organitzar el treball (word, excel, eines de gestió de projectes, etc.) • S'ha fet una avaluació de diferents eines per dur a terme el treball pròpies del camp d'estudi, i s'han escollit les eines més adequades • L'ús de les eines escollides no incorpora cap grau d'innovació respecte treballs previs | G48: B | H48: • The resources and information are rigorously selected from specialized sources. The level of reliability and credibility of the sources has been evaluated • The basic tools for processing information and organizing work (e.g. word, excel, project management tools) have been used correctly • Different tools to execute the project have been evaluated and the most appropriate have been chosen • The use of the chosen tools does not incorporate any degree of innovation with respect to previous works
A49: C+ | B49: • Se seleccionan los recursos y la información a utilizar de las fuentes especializadas más importantes afines a la temática del trabajo, aunque se presta poca atención a otras fuentes o a las fuentes más actuales • Se han utilizado algunas herramientas para tratar la información y organizar el trabajo de forma básica pero podían haberse usado herramientas más adecuadas (word, excel, herramientas de gestión de proyectos, etc. ) • Se han escogido y empleado correctamente las herramientas básicas para el desarrollo del proyecto | D49: C+ | E49: • Es seleccionen els recursos i la informació a utilitzar de les fonts especialitzades més importants afins a la temàtica de la feina, encara que es presta poca atenció a altres fonts o a les fonts més actuals • S'han utilitzat algunes eines per tractar la informació i organitzar el treball de manera bàsica però podien haver-se fet servir eines més adequades (word, excel, eines de gestió de projectes, etc.) • S'han escollit i emprat correctament les eines bàsiques per al desenvolupament del projecte | G49: C+ | H49: • The resources and information are selected from the most important specialized sources related to the topic of the project, although little attention has been paid to other sources or to the most updated sources • Some tools to process information and organize the work have been used in a basic way, but more appropriate tools could have been chosen (e.g. word, excel, project management tools) • The basic tools for the development of the project have been chosen and used correctly
A50: C- | B50: • No se han utilizado de forma adecuada herramientas para tratar la información u organizar el trabajo (word, excel, herramientas de gestión de proyectos, etc. ) • No se han escogido de forma estudiada las herramientas a utilizar para el desarrollo del proyecto, pero las que se han empleado se han usado correctamente | D50: C- | E50: • No s'han utilitzat de forma adequada eines per tractar la informació o organitzar el treball (word, excel, eines de gestió de projectes, etc.) • No s'han escollit de forma estudiada les eines a utilitzar per al desenvolupament del projecte, però les que s'han emprat s'han fet servir correctament | G50: C- | H50: • The selected tools to process information or organize work have not been used adequately (e.g. word, excel, project management tools) • The selected tools for the development of the project have not been carefully chosen, but they have been used correctly
A51: D | B51: • No se utilizan fuentes de información o recursos clave para la elaboración del proyecto • No se han utilizado herramientas apropiadas para tratar la información ni para organizar el trabajo (word, excel, herramientas de gestión de proyectos, etc. ) • No se han empleado correctamente las herramientas necesarias para el desarrollo del proyecto | D51: D | E51: • No s'utilitzen fonts d'informació o recursos clau per a l'elaboració del projecte • No s'han utilitzat eines apropiades per tractar la informació ni per organitzar el treball (word, excel, eines de gestió de projectes, etc.) • No s'han emprat correctament les eines necessàries per al desenvolupament del projecte | G51: D | H51: • Information sources or key resources are not used for the preparation of the project • Appropriate tools have not been used to process the information or to organize the work (e.g. word, excel, project management tools) • The necessary tools for the development of the project have not been used correctly
B53: Grado de análisis y tratamiento del impacto ético-social, de sostenibilidad y de diversidad del trabajo | E53: Grau d'anàlisi i tractament de l'impacte ètico-social, de sostenibilitat i de diversitat del treball | H53: Degree of analysis and treatment of the ethical-social impact, sustainability and diversity aspects
A54: A | B54: • En el caso de ser necesario, la planificación del trabajo incluye el tratamiento de los requisitos legales, éticos, de sostenibilidad y de diversidad (seguridad para personas y bienes, protección de datos personales, protección de la propiedad intelectual,...) • Se ha realizado un estudio del impacto legal, ético, de sostenibilidad y de diversidad del trabajo realizado si es necesario • Se han tenido en cuenta las implicaciones relacionadas con la información publicada. Si es necesario, se ha hecho un buen tratamiento de los datos publicados, sobre todo los datos en abierto, y se han tenido en cuenta posibles problemáticas relacionadas con la privacidad y la propiedad intelectual • Si es necesario, el proyecto tiene en cuenta y es coherente con los Objetivos de Desarrollo Sostenible (ODS) de las Naciones Unidas | D54: A | E54: • En cas de ser necessari, la planificació de la feina inclou el tractament dels requisits legals, ètics, de sostenibilitat i de diversitat (seguretat per a persones i béns, protecció de dades personals, protecció de la propietat intel·lectual, ...) • S'ha realitzat un estudi de l'impacte legal, ètic, de sostenibilitat i de diversitat del treball fet si cal • S'han tingut en compte les implicacions relacionades amb la informació publicada. Si cal, s'ha fet un bon tractament de les dades publicades, sobretot les dades en obert, tingut en compte possibles problemàtiques relacionades amb la privacitat i la propietat intel·lectual • Si s'escau, el projecte té en compte i és coherent amb els Objectius de Desenvolupament Sostenible (ODS) de les Nacions Unides | G54: A | H54: • If necessary, work planning includes legal, ethical, sustainability and diversity requirements (e.g. safety for people and goods, protection of personal data, protection of intellectual property) • A study of the legal, ethical, sustainability and diversity impact of the project has been carried out, if necessary. • The implications regarding the published information have been studied. If necessary, published data has been correctly treated, with especial consideration for open data. Potential problems regarding privacy and intellectual property have been taken into account • If needed, the project takes into account and is consistent with the United Nations Sustainable Development Goals (SDGs).
A55: B | B55: La entrega responde a la mayoría de los siguientes puntos, pero no todos: • La planificación del trabajo incluye el tratamiento de los requisitos legales, éticos, de sostenibilidad y de diversidad más destacados (seguridad para personas y bienes, protección de datos personales, protección de la propiedad intelectual,...), con un nivel de profundidad adecuado • Se ha realizado un estudio del impacto legal, ético, de sostenibilidad y de diversidad del trabajo realizado si es necesario • Se han tenido en cuenta algunas de las implicaciones relacionadas con la información publicada. Si es necesario, se ha hecho un tratamiento básico de los datos publicados, sobre todo los datos en abierto, y se han tenido en cuenta las problemáticas más importantes relacionadas con la privacidad y la propiedad intelectual • Si es necesario, el proyecto tiene en cuenta y es coherente con los Objetivos de Desarrollo Sostenible (ODS) de las Naciones Unidas | D55: B | E55: El lliurament respon a la majoria dels següents punts, però no tots: • La planificació del treball inclou el tractament dels requisits legals, ètics, de sostenibilitat i de diversitat més destacats (seguretat per a persones i béns, protecció de dades personals, protecció de la propietat intel·lectual, ...), amb un nivell de profunditat adequat • S'ha realitzat un estudi de l'impacte legal, ètic, de sostenibilitat i de diversitat de la feina feta si cal • S'han tingut en compte algunes de les implicacions relacionades amb la informació publicada. Si cal, s'ha fet un tractament bàsic de les dades publicades, sobretot les dades en obert, s'han tingut en compte les problemàtiques més importants relacionades amb la privacitat i la propietat intel·lectual • Si s'escau, el projecte té en compte i és coherent amb els Objectius de Desenvolupament Sostenible (ODS) de les Nacions Unides | G55: B | H55: The submission answers most of the following points, but not all: • Work planning includes the most important legal, ethical, sustainability and diversity requirements (e.g. safety for people and goods, protection of personal data, protection of intellectual property) • A study of the legal, ethical, sustainability and diversity impact of the project has been carried out, if necessary. • Some implications regarding the published information have been studied. If necessary, published data has been treated in a basic way, with especial consideration for open data. The basic potential problems regarding privacy and intellectual property have been taken into account • If needed, the project takes into account and is consistent with the United Nations Sustainable Development Goals (SDGs).
A56: C+ | B56: • La planificación del trabajo incluye el tratamiento de los requisitos legales, éticos, de sostenibilidad y de diversidad más básicos, pero podría detallarse mucho más • Se ha realizado un estudio básico del impacto legal, ético, de sostenibilidad y de diversidad del trabajo realizado si es necesario • Se han tenido en cuenta las implicaciones básicas relacionadas con la información publicada. Si es necesario, se ha hecho un tratamiento básico de los datos publicados, sobre todo los datos en abierto, pero no se ha tenido en cuenta las problemáticas más importantes relacionadas con la privacidad y la propiedad intelectual | D56: C+ | E56: • La planificació del treball inclou el tractament dels requisits legals, ètics, de sostenibilitat i de diversitat més bàsics, però podrien detallar-se molt més • S'ha realitzat un estudi bàsic de l'impacte legal, ètic, de sostenibilitat i de diversitat del treball fet si cal • S'han tingut en compte les implicacions bàsiques relacionades amb la informació publicada. Si cal, s'ha fet un tractament bàsic de les dades publicades, sobretot les dades en obert, però no s'han tingut en compte les problemàtiques més importants relacionades amb la privacitat i la propietat intel·lectual | G56: C+ | H56: • Work planning includes the most basic legal, ethical, sustainability and diversity requirements, but could be much more detailed • A basic study of the legal, ethical, sustainability and diversity impact of the project has been carried out, if necessary. • The basic implications related to the published information have been taken into account. If necessary, published data has been treated in a basic way, with especial consideration for open data. The basic potential problems regarding privacy and intellectual property have not been taken into account
A57: C- | B57: En general, el trabajo del/de la estudiante se puede describir con varias de las siguientes afirmaciones: • La planificación del trabajo no incluye el tratamiento de los requisitos legales, éticos, de sostenibilidad y de diversidad más básicos (seguridad para personas y bienes, protección de datos personales, protección de la propiedad intelectual,...) • Siendo necesario, no se ha realizado un estudio básico del impacto legal, ético, de sostenibilidad y de diversidad del trabajo realizado • No se han tenido en cuenta las implicaciones básicas relacionadas con la información publicada. Siendo necesario, no se ha hecho un tratamiento básico de los datos publicados, sobre todo los datos en abierto, o no se ha tenido en cuenta las problemáticas más importantes relacionadas con la privacidad y la propiedad intelectual | D57: C- | E57: En general, el treball de l'estudiant es pot descriure amb diverses de les següents afirmacions: • La planificació del treball no inclou el tractament dels requisits legals, ètics, de sostenibilitat i de diversitat més bàsics (seguretat per a persones i béns, protecció de dades personals, protecció de la propietat intel·lectual, ...) • Sent necessari, no s'ha realitzat un estudi bàsic de l'impacte legal, ètic, de sostenibilitat i de diversitat del treball realitzat • No s'han tingut en compte les implicacions bàsiques relacionades amb la informació publicada. Sent necessari, no s'ha fet un tractament bàsic de les dades publicades, sobretot les dades en obert, o no s'han tingut en compte les problemàtiques més importants relacionades amb la privacitat i la propietat intel·lectual | G57: C- | H57: In general, the submission can be described with several of the following statements: • Work planning does not include the most basic legal, ethical, sustainability and diversity requirements (e.g. safety for people and goods, protection of personal data, protection of intellectual property) • Being necessary, a basic study of the legal, ethical, sustainability and diversity impact of the project has not been carried out. • The basic implications related to the published information have not been taken into account. Although necessary, a basic treatment of the published data has not been carried out, especially open data, or the most important problems related to privacy and intellectual property have not been taken into account.
A58: D | B58: El trabajo del/de la estudiante se ajusta a todas las descripciones siguientes: • La planificación del trabajo no incluye el tratamiento de los requisitos legales, éticos, de sostenibilidad y de diversidad más básicos (seguridad para personas y bienes, protección de datos personales, protección de la propiedad intelectual,...) • Siendo necesario, no se ha realizado un estudio básico del impacto legal, ético, de sostenibilidad y de diversidad del trabajo realizado • No se han tenido en cuenta las implicaciones básicas relacionadas con la información publicada. Siendo necesario, no se ha hecho un tratamiento básico de los datos publicados, sobre todo los datos en abierto, o no se ha tenido en cuenta las problemáticas más importantes relacionadas con la privacidad y la propiedad intelectual | D58: D | E58: El treball de l'estudiant s'ajusta a totes les descripcions següents: • La planificació del treball no inclou el tractament dels requisits legals, ètics, de sostenibilitat i de diversitat més bàsics (seguretat per a persones i béns, protecció de dades personals, protecció de la propietat intel·lectual, ...) • Sent necessari, no s'ha realitzat un estudi bàsic de l'impacte legal, ètic, de sostenibilitat i de diversitat del treball realitzat • No s'han tingut en compte les implicacions bàsiques relacionades amb la informació publicada. Sent necessari, no s'ha fet un tractament bàsic de les dades publicades, sobretot les dades en obert, o no s'ha tingut en compte les problemàtiques més importants relacionades amb la privacitat i la propietat intel·lectual | G58: D | H58: The submission fits all of the following descriptions: • Work planning does not include the most basic legal, ethical, sustainability and diversity requirements (e.g. safety for people and goods, protection of personal data, protection of intellectual property) • Being necessary, a basic study of the legal, ethical, sustainability and diversity impact of the project has not been carried out • The basic implications related to the published information have not been taken into account. Although necessary, a basic treatment of the published data has not been carried out, especially open data, or the most important problems related to privacy and intellectual property have not been taken into account.
B60: Ejecución e implementación del proyecto | E60: Execució i implementació del projecte | H60: Execution and implementation of the project
B61: Seguimiento de la planificación y capacidad de adaptación | E61: Seguiment de la planificació i capacitat d'adaptació | H61: Project follow-up and student's adaptability
A62: A | B62: • Las entregas parciales incluyen un apartado donde se compara la situación actual con la planificada • La planificación real es cercana a la propuesta inicialmente • Si hay cambios, estos son necesarios y adecuados, y se identifican las causas • Las causas de las desviaciones se habían previsto en el análisis de riesgos de la planificación inicial • Se utiliza la priorización de objetivos para la toma de decisiones | D62: A | E62: • El lliurament inclou un apartat on es compara la situació actual amb la planificada • La planificació real és propera a la proposada inicialment • Si hi ha canvis, aquests són necessaris i adequats, i s'identifiquen les causes • Les causes de les desviacions s'havien previst en l'anàlisi de riscos de la planificació inicial • S'utilitza la priorització d'objectius per a la presa de decisions | G62: A | H62: • The submission includes a section where the current state of the project is compared with the initial planning • The current state of the project is close to the initial plan • If there are changes, they are necessary and appropriate, and the causes are identified • The causes of the deviations had been foreseen in the risk analysis of the initial planning • The prioritization of objectives is used for decision making
A63: B | B63: • Las entregas parciales incluyen un apartado donde se compara la situación actual con la planificada • Hay diferencias entre la planificación real y la propuesta, pero no son importantes • Si hay cambios, estos son necesarios y adecuados, y se identifican las causas • Se utiliza la priorización de objetivos para la toma de decisiones | D63: B | E63: • El lliurament inclou un apartat on es compara la situació actual amb la planificada • Hi ha diferències entre la planificació real i la proposada, però no són importants • Si hi ha canvis, aquests són necessaris i adequats, i s'identifiquen les causes • S'utilitza la priorització d'objectius per a la presa de decisions | G63: B | H63: • The submission includes a section where the current state of the project is compared with the initial planning • There are differences between the current state of the project and the initial planning, but they are not important • If there are changes, they are necessary and appropriate, and the causes are identified • The prioritization of objectives is used for decision making
A64: C+ | B64: • Hay diferencias entre la planificación real y la propuesta, pero no son importantes • Los cambios son necesarios y adecuados • No se indican correctamente los cambios efectuados en la planificación o sus causas | D64: C+ | E64: • Hi ha diferències entre la planificació real i la proposada, però no són importants • Els canvis són necessaris i adequats • No s'indiquen correctament els canvis efectuats en la planificació o les seves causes | G64: C+ | H64: • There are differences between the current state of the project and the initial planning, but they are not important • Changes are necessary and appropriate • The changes made in the planning or their causes are not correctly indicated
A65: C- | B65: • Hay diferencias importantes entre la planificación real y la propuesta • Los cambios no son necesarios o adecuados, o no se identifican las causas | D65: C- | E65: • Hi ha diferències importants entre la planificació real i la proposada • Els canvis no són necessaris o adequats, o no s'identifiquen les causes | G65: C- | H65: • There are important differences between the current state of the project and the initial planning • The changes are not necessary or appropriate, or the causes are not identified
A66: D | B66: • Hay cambios claros en la planificación que no se han previsto • Los cambios no responden de manera clara a las necesidades imprevistas que no estaban consideradas antes | D66: D | E66: • Hi ha canvis clars en la planificació que no s'han previst • Els canvis no responen de manera clara a les necessitats imprevistes que no estaven considerades abans | G66: D | H66: • There are important changes in planning that have not been foreseen • Changes do not clearly respond to unforeseen needs that were not previously considered
B68: Calidad de la contribución técnica y/o científica del proyecto. Calidad de la solución/producto en desarrollo/obtenido. | E68: Qualitat de la contribució tècnica i/o científica del projecte. Qualitat de la solució/producte en desenvolupament/obtingut | H68: Quality of the technical and/or scientific contribution of the project. Quality of the solution/product
A69: A | B69: • El trabajo o producto presentado logra todos los objetivos planificados • El trabajo o producto desarrollado es de buena calidad • El trabajo o producto desarrollado tiene una dificultad asimilable a la que se exige en el ámbito académico o profesional • El trabajo o producto incluye toda la información necesaria para permitir evaluar o reproducir los resultados de forma independiente (p.ej. código fuente, manual de instalación, manual de usuario, conjuntos de datos y fuentes utilizados en el estudio) | D69: A | E69: • El treball o producte presentat assoleix tots els objectius planificats • El treball o producte desenvolupat és de bona qualitat • El treball o producte desenvolupat té una dificultat assimilable a la que s'exigeix en l'àmbit acadèmic o professional • El treball o producte inclou tota la informació necessària per permetre avaluar o reproduir els resultats de forma independent (p.ex. codi font, manual d'instal·lació, manual d'usuari, conjunts de dades i fonts utilitzats en l'estudi) | G69: A | H69: • The presented work or the product developed achieves all the planned objectives • The work or product is of good quality • The work or product development has a difficulty comparable to that required in the academic or professional field • The work or product includes all information necessary to allow the results to be independently evaluated or reproduced (e.g. source code, installation manual, user manual, data sets and sources used in the study)
A70: B | B70: • El trabajo o producto presentado logra, por lo menos, los objetivos planificados más importantes • El trabajo o producto desarrollado es de buena calidad • El trabajo o producto desarrollado tiene una dificultad asimilable a la que se exige en el ámbito académico o profesional • El trabajo o producto no incluye toda la información necesaria para asistir al usuario (p.ej. falta manual de usuario), pero incluye información suficiente para permitir evaluar o reproducir los resultados de forma independiente (p.ej. código fuente, manual de instalación, conjuntos de datos y fuentes utilizados en el estudio) | D70: B | E70: • El treball o producte presentat aconsegueix, almenys, els objectius planificats més importants • El treball o producte desenvolupat és de bona qualitat • El treball o producte desenvolupat té una dificultat assimilable a la que s'exigeix en l'àmbit acadèmic o professional • El treball o producte no inclou tota la informació necessària per assistir a l'usuari (p.ex. falta manual d'usuari), però inclou informació suficient per a permetre avaluar o reproduir els resultats de forma independent (p.ex. codi font, manual d'instal·lació, conjunts de dades i fonts utilitzats en l'estudi) | G70: B | H70: • The presented work or the developed product achieves, at least, the most important planned objectives • The work or product is of good quality • The work or product development has a difficulty comparable to that required in the academic or professional field • The work or product does not include all the information necessary to assist the user (e.g. missing user manual), but includes sufficient information to allow independent evaluation or reproduction of the results (e.g. source code, installation manual, data sets and sources used in the study)
A71: C+ | B71: • El trabajo o producto presentado logra parcialmente los objetivos planificados más importantes • El trabajo o producto desarrollado es de calidad aceptable • El trabajo o producto desarrollado tiene una dificultad algo menor a la que se exige en el ámbito académico o profesional • El trabajo o producto tan solo incluye la información mínima para permitir evaluar o reproducir los resultados (p.ej. código fuente, conjuntos de datos y fuentes utilizados en el estudio) | D71: C+ | E71: • El treball o producte presentat aconsegueix parcialment els objectius planificats més importants • El treball o producte desenvolupat és de qualitat acceptable • El treball o producte desenvolupat té una dificultat una mica menor a la qual s'exigeix en l'àmbit acadèmic o professional • El treball o producte tan sols inclou la informació mínima per a permetre avaluar o reproduir els resultats (p.ex. codi font, conjunts de dades i fonts utilitzats en l'estudi) | G71: C+ | H71: • The presented work or the developed product partially achieves the most important planned objectives • The work or product is of acceptable quality • The work or product development has a somewhat lower difficulty than that required in the academic or professional field • The work or product includes only the minimum information to allow the results to be evaluated or reproduced (e.g. source code, data sets and sources used in the study)
A72: C- | B72: • El trabajo o producto presentado no logra la mayoría de los objetivos planificados • El trabajo o producto desarrollado es de calidad baja • El trabajo o producto desarrollado tiene una dificultad menor a la que se exige en el ámbito académico o profesional • El trabajo o producto incluye parcialmente la información para permitir evaluar o reproducir los resultados (p.ej. falta el código fuente, el conjunto de datos o las fuentes utilizados en el estudio) | D72: C- | E72: • El treball o producte presentat no aconsegueix la majoria dels objectius planificats • El treball o producte desenvolupat és de qualitat baixa • El treball o producte desenvolupat té una dificultat menor a la que s'exigeix en l'àmbit acadèmic o professional • El treball o producte inclou parcialment la informació per permetre avaluar o reproduir els resultats (p.ex. falta el codi font, el conjunt de dades o les fonts utilitzades en l'estudi) | G72: C- | H72: • The presented work or developed product does not achieve most of the planned objectives • The work or product is of low quality • The work or product development is less difficult than that required in the academic or professional field • The work or product partially includes the information to allow evaluation or reproduction of the results (e.g. missing source code, data set or sources used in the study)
A73: D | B73: • El trabajo o producto presentado no logra los objetivos planificados • El trabajo o producto desarrollado es de muy baja calidad • El trabajo o producto desarrollado tiene una dificultad mucho menor a la que se exige en el ámbito académico o profesional • El trabajo o producto no permite evaluarse o reproducir los resultados de forma independiente | D73: D | E73: • El treball o producte presentat no aconsegueix els objectius planificats • El treball o producte desenvolupat és de molt baixa qualitat • El treball o producte desenvolupat té una dificultat molt menor a la que s'exigeix en l'àmbit acadèmic o professional • El treball o producte no permet avaluar o reproduir els resultats de forma independent | G73: D | H73: • The presented work or the developed product does not achieve the planned objectives • The work or product is of very low quality • The work or product development has a much lower difficulty than that required in the academic or professional field • The work or product does not allow the results to be independently evaluated or reproduced.
B75: Grado de innovación de la solución presentada | E75: Grau d'innovació de la solució presentada | H75: Level of innovation of the proposed solution
A76: A | B76: • La solución propuesta incorpora elementos de investigación o I + D (temática en la frontera del conocimiento) | D76: A | E76: • La solució proposada incorpora elements d'investigació o R + D (temàtica a la frontera del coneixement) | G76: A | H76: • The proposed solution includes elements of research or R&D (research topic at the frontier of knowledge)
A77: B | B77: • La solución propuesta es original e incorpora alguna innovación relevante (planteamiento, diseño, combinación de tecnologías, presentación...) • La propuesta es coherente con las características del problema y de la solución deseada | D77: B | E77: • La solució proposada és original i incorpora alguna innovació rellevant (plantejament, disseny, combinació de tecnologies, presentació ...) • La proposta és coherent amb les característiques del problema i de la solució desitjada | G77: B | H77: • The proposed solution is original and includes some relevant innovation (e.g. approach, design, combination of technologies, presentation) • The proposal is consistent with the characteristics of the problem and the desired solution
A78: C+ | B78: • Reaprovecha toda la información, software y recursos a su alcance (no se "reinventa la rueda" al duplicar trabajos existentes) • Ha tenido en cuenta especialmente los recursos "libres" (publicaciones en abierto, software libre,...) | D78: C+ | E78: • Reaprofita tota la informació, programari i recursos al seu abast (no es "reinventa la roda" al duplicar treballs existents) • Ha tingut en compte especialment els recursos "lliures" (publicacions en obert, programari lliure, ...) | G78: C+ | H78: • The student reuses all the available information, software and resources (it does not "reinvent the wheel" by duplicating existing work) • The student has taken in special consideration the "free" available resources (e.g. open publications, free software)
A79: C- | B79: • El trabajo tiene pocos aspectos originales o innovadores | D79: C- | E79: • El treball té pocs aspectes originals o innovadors | G79: C- | H79: • The work has few original or innovative aspects
A80: D | B80: • El trabajo realizado es una reiteración de trabajos previos, sin una aportación original clara. | D80: D | E80: • El treball realitzat és una reiteració de treballs previs, sense una aportació original clara. | G80: D | H80: • The work is a reiteration of previous work, without a clear original contribution.
B82: Conclusiones y discusión de los resultados | E82: Conclusions i discussió dels resultats | H82: Conclusions and discussion of the results
A83: A | B83: • Existe una exposición clara del grado de cumplimiento de los objetivos del trabajo • Se discuten de forma crítica los resultados o la solución presentada • Se enseñan claramente los puntos no tratados y se proponen posibles extensiones, mejoras y trabajo futuro | D83: A | E83: • Hi ha una exposició del grau d'acompliment dels objectius del treball • Es discuteixen de forma crítica els resultats o la solució presentada • S'ensenyen clarament els punts no tractats i es proposen possibles extensions, millores i treball futur | G83: A | H83: • The degree of fulfillment of all the planned objectives is discussed • The conclusions and the results of the work or the developed product are discussed and criticised • Not covered objectives are clearly explained and possible extensions, improvements and future work are proposed
A84: B | B84: • Existe una exposición clara de los resultados alcanzados y del cumplimiento de los objetivos del trabajo • Se discuten de forma crítica los resultados o la solución presentada • No se muestran claramente los puntos no tratados o las posibles extensiones, mejoras o trabajo futuro | D84: B | E84: • Hi ha una exposició clara dels resultats assolits i de l'acompliment dels objectius del treball • Es discuteixen de forma crítica els resultats o la solució presentada • No es mostren clarament els punts no tractats o les possibles extensions, millores o treball futur | G84: B | H84: • The degree of fulfillment of all the planned objectives is discussed • The conclusions and the results of the work or the developed product are discussed and criticised • Not covered objectives are not clearly explained or possible extensions, improvements and future work are not proposed
A85: C+ | B85: • Existe una exposición de los resultados alcanzados, pero no se relaciona claramente con los objetivos del trabajo • Hay cierta discusión crítica de los resultados o la solución presentada, pero esta es poco profunda | D85: C+ | E85: • Hi ha una exposició dels resultats assolits, però no es relaciona clarament amb els objectius del treball • Hi ha certa discussió crítica dels resultats o la solució presentada, però aquesta és poc profunda | G85: C+ | H85: • Conclusions and results are described, but it is not clearly related to the objectives of the project • There is some critical discussion of the results or the presented solution, but this is shallow
A86: C- | B86: • La exposición de los resultados alcanzados no es clara, no se relaciona con los objetivos del trabajo o es superficial • Hay cierta discusión crítica de los resultados o la solución presentada, pero esta es poco profunda | D86: C- | E86: • L'exposició dels resultats assolits no és clara, no es relaciona amb els objectius del treball o és superficial • Hi ha certa discussió crítica dels resultats o la solució presentada, però aquesta és poc profunda | G86: C- | H86: • The conclusions and achieved results are not clearly described, they are unrelated to the objectives of the project or the arguments are superficial • There is some critical discussion of the results or the presented solution, but this is shallow
A87: D | B87: • No hay una exposición de los resultados alcanzados o esta es demasiado superficial • No hay una discusión crítica de los resultados o de la solución presentada | D87: D | E87: • No hi ha una exposició dels resultats assolits o aquesta és massa superficial • No hi ha una discussió crítica dels resultats o de la solució presentada | G87: D | H87: • There is no statement of achieved results or it is too superficial • There is no critical discussion of the results or the presented solution
B89: Aspectos formales de la memoria | E89: Aspectes formals de la memòria | H89: Formal aspects of the final report
B90: Redacción adecuada, utilización flexible de un lenguaje inclusivo, y organización clara y correcta del contenido | E90: Redacció adequada, utilització flexible d’un llenguatge inclusiu, i organització clara i correcta del contingut | H90: Appropriate wording, flexible use of inclusive language, and clear and correct organization of content
A91: A | B91: • Se usa un estilo de redacción adecuado y claro • El redactado se ha hecho usando un lenguaje inclusivo y no sexista • Se usan figuras y elementos visuales que ayudan a la comprensión • El contexto del trabajo está bien introducido y contextualizado • La memoria tiene un formato correcto, está organizada de forma clara, con un índice de contenidos lógico y bien estructurado • Se han incluido todas las secciones requeridas • La longitud de la memoria se ajusta a la longitud establecida | D91: A | E91: • Es fa servir un estil de redacció adequat i clar • El redactat s'ha fet utilitzant un llenguatge inclusiu i no sexista • S'usen figures i elements visuals que ajuden a la comprensió • El context del treball està ben introduït i contextualitzat • La memòria té un format correcte, està organitzada de forma clara, amb un índex de continguts lògic i ben estructurat • S'han inclòs totes les seccions requerides • La longitud de la memòria s'ajusta a la longitud establerta | G91: A | H91: • The writing style is appropriate and clear • The wording uses inclusive and non-sexist language • Figures and visual elements are of help to understand the presented solution • The context of the project is well introduced and contextualized • The report has a correct format, is clearly organized, with a logical and well-structured index of contents • All required sections have been included • The report length is within the limits
A92: B | B92: La entrega responde a la mayoría de los siguientes puntos, pero no todos: • Se usa un estilo de redacción adecuado y claro • El redactado se ha hecho usando un lenguaje inclusivo y no sexista • Se usan figuras y elementos visuales que ayudan a la comprensión • El contexto del trabajo está bien introducido y contextualizado • La memoria tiene un formato correcto, está organizada de forma clara, con un índice de contenidos lógico y bien estructurado • Se han incluido todas las secciones requeridas • La longitud de la memoria se ajusta a la longitud establecida | D92: B | E92: El lliurament respon a la majoria dels següents punts, però no tots: • Es fa servir un estil de redacció adequat i clar • El redactat s'ha fet utilitzant un llenguatge inclusiu i no sexista • S'usen figures i elements visuals que ajuden a la comprensió • El context del treball està ben introduït i contextualitzat • La memòria té un format correcte, està organitzada de forma clara, amb un índex de continguts lògic i ben estructurat • S'han inclòs totes les seccions requerides • La longitud de la memòria s'ajusta a la longitud establerta | G92: B | H92: The submission includes most of the following issues, but not all: • The writing style is appropriate and clear • The wording uses inclusive and non-sexist language • Figures and visual elements are of aid to understand the presented solution • The context of the work is well introduced and contextualized • The report has a correct format, is clearly organized, with a logical and well-structured index of contents • All required sections have been included • The report length is within the limits
A93: C+ | B93: • Se usa un estilo de redacción adecuado, aunque en algunas ocasiones el texto no resulta del todo claro • El redactado se ha intentado hacer usando un lenguaje inclusivo y no sexista, aunque en ocasiones se podría mejorar • Se usan pocas figuras y/o elementos visuales que ayudan a la comprensión • El contexto del trabajo está introducido y contextualizado de forma básica • La memoria tiene un formato correcto, aunque su organización podría haberse hecho de forma más clara, lógica o mejor estructurada • Se han incluido todas las secciones básicas requeridas • La longitud de la memoria se ajusta bastante a la longitud establecida | D93: C+ | E93: • Es fa servir un estil de redacció adequat, encara que en algunes ocasions el text no resulta del tot clar • El redactat s'ha intentat fer usant un llenguatge inclusiu i no sexista, encara que en ocasions es podria millorar • S'usen poques figures i/o elements visuals que ajuden a la comprensió • El context de la feina està introduït i contextualitzat de forma bàsica • La memòria té un format correcte, encara que la seva organització podria haver-se fet de forma més clara, lògica o millor estructurada • S'han inclòs totes les seccions bàsiques requerides • La longitud de la memòria s'ajusta en gran mesura a la longitud establerta | G93: C+ | H93: • The writing style is appropriate, although sometimes the text is not entirely clear • The wording tries to use inclusive and non-sexist language, although sometimes it could be improved • Few figures and/or visual elements are used to aid understanding the presented solution • The context of the work is introduced and contextualized in a basic way • The report has a correct format, although its organization could be clearer or more logical • All required sections have been included • The report length is almost within the limits
A94: C- | B94: En general, el trabajo del/de la estudiante se puede describir con varias de las siguientes afirmaciones: • Se usa un estilo de redacción no adecuado, o en varias ocasiones el texto no resulta del todo claro • El redactado se ha hecho usando un lenguaje que en ocasiones se puede considerar que no es inclusivo ni no sexista • Se usan muy pocas figuras y/o elementos visuales que ayudan a la comprensión • El contexto del trabajo no está introducido ni contextualizado de forma básica • La memoria no tiene un formato correcto, claro o bien estructurado • No se han incluido todas las secciones básicas requeridas • La longitud de la memoria no se ajusta a la longitud establecida | D94: C- | E94: En general, el treball de l'estudiant es pot descriure amb diverses de les següents afirmacions: • Es fa servir un estil de redacció no adequat, o en diverses ocasions el text no resulta del tot clar • El redactat s'ha fet utilitzant un llenguatge que de vegades es pot considerar que no és inclusiu ni no sexista • S'usen molt poques figures i/o elements visuals que ajuden a la comprensió • El context del treball no està introduït ni contextualitzat de forma bàsica • La memòria no té un format correcte, clar o ben estructurat • No s'han inclòs totes les seccions bàsiques requerides • La longitud de la memòria no s'ajusta a la longitud establerta | G94: C- | H94: In general, the report can be described with several of the following statements: • An inappropriate writing style is used, or on several occasions the text is not entirely clear • The wording has been done using language that can sometimes be considered non-inclusive or sexist • Very few figures and/or visual elements are used to aid understanding. • The context of the work is not introduced or contextualized in a basic way • The report does not have a correct, clear or well structured format • Not all required core sections have been included • The report length is not within the limits
A95: D | B95: El trabajo del/de la estudiante se ajusta a todas las descripciones siguientes: • Se usa un estilo de redacción no adecuado, o en varias ocasiones el texto no resulta del todo claro • El redactado se ha hecho usando un lenguaje no inclusivo o sexista • Se usan muy pocas figuras y/o elementos visuales que ayudan a la comprensión • El contexto del trabajo no está introducido ni contextualizado de forma básica • La memoria no tiene un formato correcto, claro o bien estructurado • No se han incluido todas las secciones básicas requeridas • La longitud de la memoria no se ajusta a la longitud establecida | D95: D | E95: El treball de l'estudiant s'ajusta a totes les descripcions següents: • Es fa servir un estil de redacció no adequat, o en diverses ocasions el text no resulta del tot clar • El redactat s'ha fet utilitzant un llenguatge no inclusiu o sexista • S'usen molt poques figures i/o elements visuals que ajuden a la comprensió • El context del treball no està introduït ni contextualitzat de forma bàsica • La memòria no té un format correcte, clar o ben estructurat • No s'han inclòs totes les seccions bàsiques requerides • La longitud de la memòria no s'ajusta a la longitud establerta | G95: D | H95: Tthe report satisfies all the following statements: • An inappropriate writing style is used, or on several occasions the text is not entirely clear • The wording has been done using non-inclusive or sexist language • Very few figures and/or visual elements are used to aid understanding. • The context of the work is not introduced or contextualized in a basic way • The report does not have a correct, clear or well structured format • Not all required core sections have been included • The report length is not within the limits
B97: Fuentes de información y referencias bibliográficas | E97: Fonts d'informació i referències bibliogràfiques | H97: Information sources and bibliographical references
A98: A | B98: • El texto está referenciado y citado correctamente • Es perfectamente distinguible la información incluida en la memoria que proviene de ideas y del trabajo del/de la estudiante respecto a información extraída de otras fuentes y otros autores • La bibliografía es completa, se usa un estilo consistente y coherente con el tipo de documento redactado • Se utilizan varios tipos de fuentes de información (e.g. artículos, informes, tesis) • Se ha evaluado el nivel de fiabilidad y credibilidad de diferentes fuentes de información y se han priorizado las fuentes más relevantes | D98: A | E98: • El text està referenciat i citat correctament • És perfectament distingible la informació inclosa en la memòria que prové d'idees i del treball de l'estudiant respecte a informació extreta d'altres fonts i altres autors • La bibliografia és completa, es fa servir un estil consistent i coherent amb el tipus de document redactat • S'utilitzen diversos tipus de fonts d'informació (e.g. articles, informes, tesis) • S'ha avaluat el nivell de fiabilitat i credibilitat de diferents fonts d'informació i s'han prioritzat les fonts més rellevants | G98: A | H98: • The text is correctly referenced and cited • The information included in the report that comes from the student's ideas and work is perfectly distinguishable from information extracted from other sources and other authors • The bibliography is complete, a consistent style is used and is coherent with the type of document written • Various types of information sources are used (e.g. articles, reports, theses) • The level of reliability and credibility of different sources of information has been evaluated and the most relevant sources have been prioritized
A99: B | B99: • El texto está referenciado y citado correctamente • Es perfectamente distinguible la información incluida en la memoria que proviene de ideas y del trabajo del/de la estudiante respecto a información extraída de otras fuentes y otros autores • La bibliografía es completa, se usa un estilo consistente y coherente con el tipo de documento redactado • No se utilizan varios tipos de fuentes de información (e.g. artículos, informes, tesis) • Se ha evaluado el nivel de fiabilidad y credibilidad de diferentes fuentes de información y se han priorizado las fuentes más relevantes | D99: B | E99: • El text està referenciat i citat correctament • És perfectament distingible la informació inclosa en la memòria que prové d'idees i del treball de l'estudiant respecte a informació extreta d'altres fonts i altres autors • La bibliografia és completa, es fa servir un estil consistent i coherent amb el tipus de document redactat • No s'utilitzen diversos tipus de fonts d'informació (e.g. articles, informes, tesis) • S'ha avaluat el nivell de fiabilitat i credibilitat de diferents fonts d'informació i s'han prioritzat les fonts més rellevants | G99: B | H99: • The text is correctly referenced and cited • The information included in the report that comes from the student's ideas and work is perfectly distinguishable from information extracted from other sources and other authors • The bibliography is complete, a consistent style is used and is coherent with the type of document written • Various types of information sources are not used (e.g. articles, reports, theses) • The level of reliability and credibility of different sources of information has been evaluated and the most relevant sources have been prioritized
A100: C+ | B100: • El texto está referenciado y citado correctamente • Es perfectamente distinguible la información incluida en la memoria que proviene de ideas y del trabajo del/de la estudiante respecto a información extraída de otras fuentes y otros autores • La bibliografía básica es completa, se usa un estilo consistente y coherente con el tipo de documento redactado • Se utilizan diversas fuentes de poca fiabilidad o credibilidad | D100: C+ | E100: • El text està referenciat i citat correctament • És perfectament distingible la informació inclosa en la memòria que prové d'idees i del treball de l'estudiant respecte a informació extreta d'altres fonts i altres autors • La bibliografia bàsica és completa, es fa servir un estil consistent i coherent amb el tipus de document redactat • S'utilitzen diverses fonts de poca fiabilitat o credibilitat | G100: C+ | H100: • The text is correctly referenced and cited • The information included in the report that comes from the student's ideas and work is perfectly distinguishable from information extracted from other sources and other authors • The basic bibliography is complete, a consistent style is used and is coherent with the type of document written • Various unreliable sources are used
A101: C- | B101: • Existen ciertos problemas menores con las referencias y las citas en el texto • No es perfectamente distinguible la información incluida en la memoria que proviene de ideas y del trabajo del/de la estudiante respecto a información extraída de otras fuentes y otros autores • La bibliografía básica es incompleta, se usa un estilo inconsistente o no coherente con el tipo de documento redactado | D101: C- | E101: • Hi ha certs problemes menors amb les referències i les cites en el text • No és perfectament distingible la informació inclosa en la memòria que prové d'idees i del treball de l'estudiant respecte a informació extreta d'altres fonts i altres autors • La bibliografia bàsica és incompleta, es fa servir un estil inconsistent o no coherent amb el tipus de document redactat | G101: C- | H101: • There are several minor problems with references and citations in the text • The information included in the report that comes from the student's ideas and work is not perfectly distinguishable from information extracted from other sources and other authors • The basic bibliography is incomplete, an inconsistent style is used or not coherent with the type of document written
A102: D | B102: • Existen problemas graves con las referencias y las citas en el texto • No se distingue la información incluida en la memoria que proviene de ideas y del trabajo del/de la estudiante respecto a información extraída de otras fuentes y otros autores • Faltan referencias a bibliografía de referencia básica | D102: D | E102: • Hi ha problemes greus amb les referències i les cites en el text • No es distingeix la informació inclosa en la memòria que prové d'idees i del treball de l'estudiant respecte a informació extreta d'altres fonts i altres autors • Falten referències a la bibliografia de referència bàsica | G102: D | H102: • There are serious problems with references and citations in the text • The information included in the report that comes from the student's ideas and work is not distinguished from information extracted from other sources and other authors. • There are missing references to basic bibliographic sources
B104: Defensa del proyecto | E104: Defensa del projecte | H104: Defence
B105: Calidad de la presentación oral y de los recursos visuales | E105: Qualitat de la presentació oral i dels recursos visuals | H105: Presentation and visual resources
A106: A | B106: • La presentación es amena y facilita la comunicación • La presentación se ha hecho con el formato y la duración requeridos • El/La estudiante gestiona apropiadamente el tono de voz en la exposición (claridad, ritmo y pausas, cambios en el tono de voz) • La presentación expone los elementos más destacados del trabajo y las conclusiones extraídas | D106: A | E106: • La presentació és amena i facilita la comunicació • La presentació s'ha fet amb el format i la durada requerits • L'estudiant gestiona apropiadament el to de veu en l'exposició (claredat, ritme i pauses, canvis en el to de veu) • La presentació exposa els elements més destacats del treball i les conclusions extretes | G106: A | H106: • The presentation is enjoyable and facilitates communication • The presentation has the required format and duration • The student appropriately manages the tone of voice in the presentation (clarity, rhythm and pauses, changes in the tone of voice) • The presentation exposes the most outstanding elements of the work and the conclusions drawn
A107: B | B107: • Cada diapositiva es sintética y no contiene un exceso de información, ni redundancias • La presentación expone los contenidos de forma gráfica más que de forma textual • La presentación se ha hecho con el formato y la duración requeridos | D107: B | E107: • Cada diapositiva és sintètica i no conté un excés d'informació, ni redundàncies • La presentació exposa els continguts de forma gràfica més que de forma textual • La presentació s'ha fet amb el format i la durada requerits | G107: B | H107: • Each slide is synthetic and does not contain excess information or redundancies • The presentation exposes the contents graphically rather than textually • The presentation has the required format and duration
A108: C+ | B108: • La presentación es autocontenida e introduce el trabajo desde cero. Contiene la parte más relevante de la información de la memoria: objetivos, planificación, desarrollo y resultados • Visualmente, la presentación es mejorable o podría reducirse el contenido textual. Sin embargo, el estilo gráfico (colores, tipos de letra, etc.) no dificulta la comprensión de los contenidos • La presentación se ha hecho con el formato y la duración requeridos | D108: C+ | E108: • La presentació és autocontinguda i introdueix el treball des de zero. Conté la part més rellevant de la informació de la memòria: objectius, planificació, desenvolupament i resultats • Visualment, la presentació és millorable o podria reduir-se el contingut textual. No obstant això, l'estil gràfic (colors, tipus de lletra, etc.) no dificulta la comprensió dels continguts • La presentació s'ha fet amb el format i la durada requerits | G108: C+ | H108: • The presentation is self-contained and introduces the work from scratch. Contains the most relevant part of the report information: objectives, planning, development and results • Visually, the presentation could be improved or the textual content could be reduced. However, the graphic style (colors, fonts, etc.) does not hinder the understanding of the content • The presentation has the required format and duration
A109: C- | B109: • La presentación del trabajo no incluye sus aspectos más relevantes o, al contrario, intenta reproducir la memoria al completo • La presentación se ha hecho con un formato o duración incorrectos | D109: C- | E109: • La presentació del treball no inclou els aspectes més rellevants o intenta reproduir la memòria al complet • La presentació s'ha fet en un format o durada incorrectes | G109: C- | H109: • The presentation does not include the most relevant aspects of the project or, on the contrary, tries to reproduce the report in its entirety • The presentation has an incorrect format or duration
A110: D | B110: • La presentación del trabajo es visualmente deficiente • La presentación del trabajo no incluye sus aspectos más relevantes o, al contrario, intenta reproducir la memoria al completo • La presentación se ha hecho con un formato o duración incorrectos | D110: D | E110: • La presentació del treball és visualment deficient • La presentació del treball no inclou els aspectes més rellevants o intenta reproduir la memòria al complet • La presentació s'ha fet en un format o durada incorrectes | G110: D | H110: • The presentation is visually deficient • The presentation does not include the most relevant aspects of the project or, on the contrary, tries to reproduce the report in its entirety • The presentation has an incorrect format or duration
B112: Respuesta clara y fundamentada a las preguntas de la comisión | E112: Resposta clara i fonamentada a les preguntes de la comissió | H112: Clear and well-funded answers to the questions of the board of examiners
A113: A | B113: • Las respuestas evidencian un elevado nivel de conocimiento en el ámbito • El/La estudiante es capaz de aportar información adicional en sus respuestas citando, si es preciso, a otros autores relevantes • El/La estudiante es capaz de defender de forma argumentada las decisiones tomadas durante el trabajo • El/La estudiante muestra evidencias de pensamiento crítico • Las respuestas son comprensibles y correctas desde el punto de vista del contenido. Además, la defensa dura el plazo establecido | D113: A | E113: • Les respostes evidencien un elevat nivell de coneixement en l'àmbit • L'estudiant és capaç d'aportar informació addicional en les seves respostes citant, si cal, a altres autors rellevants • L'estudiant és capaç de defensar de forma argumentada les decisions preses durant el treball • L'estudiant mostra evidències de pensament crític • Les respostes són comprensibles i correctes des del punt de vista del contingut. A més, la defensa dura el termini establert | G113: A | H113: • The answers show a high level of knowledge in the field • The student is able to provide additional information in the answers, citing, if necessary, other relevant authors • The student is capable of defending in an argumentative way the decisions made during the project • The student shows evidence of critical thinking • The answers are understandable and correct from the point of view of the content. In addition, the defence is carried out within the established time boundaries
A114: B | B114: • Las respuestas evidencian un nivel alto de conocimiento, pero ciertos argumentos no amplían la información ya expuesta en la memoria o en la presentación • El/La estudiante es capaz de defender de forma argumentada las decisiones tomadas durante el trabajo. • Las respuestas son comprensibles y correctas desde el punto de vista del contenido. Además, la defensa dura el plazo establecido | D114: B | E114: • Les respostes evidencien un nivell alt de coneixement, però certs arguments no amplien la informació ja exposada en la memòria o en la presentació • L'estudiant és capaç de defensar de forma argumentada les decisions preses durant el treball • Les respostes són comprensibles i correctes des del punt de vista del contingut. A més, la defensa dura el termini establert | G114: B | H114: • The answers show a high level of knowledge, but certain arguments do not extend the information already exposed in the report or in the presentation • The student is capable of defending in an argumentative way the decisions made during the project • The answers are understandable and correct from the point of view of the content. In addition, the defence is carried out within the established time boundaries
A115: C+ | B115: • Comprende las cuestiones técnicas planteadas por el tribunal, pidiendo aclaraciones cuando sea oportuno. • Las respuestas son comprensibles y correctas desde el punto de vista del contenido. Además, la defensa dura el plazo establecido | D115: C+ | E115: • Comprèn les qüestions tècniques plantejades pel tribunal, demanant aclariments quan sigui oportú • Les respostes són comprensibles i correctes des del punt de vista del contingut. A més, la defensa dura el termini establert | G115: C+ | H115: • The student understands the technical questions asked by the board, asking for clarification when appropriate • The answers are understandable and correct from the point of view of the content. In addition, the defence is carried out within the established time boundaries
...

Sheet Language
A1: Idioma: | B1: ES
C4: Literales en el Template | D4: Literales ES | E4: Literales CA | F4: Literales EN
C5: =IF($B$1="CA", E5, IF($B$1="ES", D5, F5)) -> Nombre del/de la estudiante: | D5: Nombre del/de la estudiante: | E5: Nom de l'estudiant: | F5: Student name:
C6: =IF($B$1="CA", E6, IF($B$1="ES", D6, F6)) -> Título del trabajo: | D6: Título del trabajo: | E6: Títol del treball: | F6: Project title:
C7: =IF($B$1="CA", E7, IF($B$1="ES", D7, F7)) -> Programa: | D7: Programa: | E7: Programa: | F7: Program:
C8: =IF($B$1="CA", E8, IF($B$1="ES", D8, F8)) -> Semestre: | D8: Semestre: | E8: Semestre: | F8: Semester:
C9: =IF($B$1="CA", E9, IF($B$1="ES", D9, F9)) -> Tutor/a: | D9: Tutor/a: | E9: Tutor/a: | F9: Supervisor:
C10: =IF($B$1="CA", E10, IF($B$1="ES", D10, F10)) -> Evaluador/a 1: | D10: Evaluador/a 1: | E10: Avaluador/a 1: | F10: Examiner 1:
C11: =IF($B$1="CA", E11, IF($B$1="ES", D11, F11)) -> Evaluador/a 2: | D11: Evaluador/a 2: | E11: Avaluador/a 2: | F11: Examiner 2:
C12: =IF($B$1="CA", E12, IF($B$1="ES", D12, F12)) -> Evaluador/a 3: | D12: Evaluador/a 3: | E12: Avaluador/a 3: | F12: Examiner 3:
C13: =IF($B$1="CA", E13, IF($B$1="ES", D13, F13)) -> Trabajo final - Semestre | D13: Trabajo final - Semestre | E13: Treball final - Semestre | F13: Final degree project - Semester
C14: =IF($B$1="CA", E14, IF($B$1="ES", D14, F14)) -> Evaluación del tutor/a | D14: Evaluación del tutor/a | E14: Avaluació del tutor/a | F14: Supervisor's assessment
C15: =IF($B$1="CA", E15, IF($B$1="ES", D15, F15)) -> Evaluación del tribunal | D15: Evaluación del tribunal | E15: Avaluació del tribunal | F15: Board of examiners' assessment
C16: =IF($B$1="CA", E16, IF($B$1="ES", D16, F16)) -> Evaluación final | D16: Evaluación final | E16: Avaluació final | F16: Final assessment
... C75: =IF($B$1="CA", E75, IF($B$1="ES", D75, F75)) -> % peso nota final | D75: % peso nota final | E75: % pes nota final | F75: % weight in the final mark
C76: =IF($B$1="CA", E76, IF($B$1="ES", D76, F76))
C77: =IF($B$1="CA", E77, IF($B$1="ES", D77, F77))
C78: =IF($B$1="CA", E78, IF($B$1="ES", D78, F78))
C79: =IF($B$1="CA", E79, IF($B$1="ES", D79, F79))
C80: =IF($B$1="CA", E80, IF($B$1="ES", D80, F80))
C81: =IF($B$1="CA", E81, IF($B$1="ES", D81, F81))
C82: =IF($B$1="CA", E82, IF($B$1="ES", D82, F82))
C83: =IF($B$1="CA", E83, IF($B$1="ES", D83, F83))
C84: =IF($B$1="CA", E84, D84)
C85: =IF($B$1="CA", E85, D85)
C86: =IF($B$1="CA", E86, D86)
C87: =IF($B$1="CA", E87, D87)
